,日期,成交股數,成交筆數,成交金額,周開盤價,周最高價,周最低價,周收盤價,周5日均線,周10日均線,周20日均線,周RSV,周K值,周D值,周MACD,周signal,周MACD-OSC,周上軌,周中軸,周下軌,參考指標,參考指標,參考指標,參考指標
0,20141009,2228308,1575,146729868,67,67,65.1,65.6,66.8,68.2,67.02,26.92,,,267.04,357.63,-90.58,74.78,67.02,59.25,348.173,1880.135,2.01811,88.79
1,20141017,4090438,2575,252580649,65,65,58.6,61,65.02,67.69,67.22,14.55,,,199.12,325.92,-126.81,74.05,67.22,60.4,1044.367,3046.071,2.18393,99.57
2,20141024,3266685,2022,196267820,62,62.7,57.9,58.3,63.06,66.55,67.12,2.33,,,122.09,285.16,-163.06,74.41,67.12,59.83,520.776,2745.909,2.40133,100
3,20141031,5671881,3499,316104135,58.6,58.6,53.8,58.1,61.84,65.44,66.93,20.67,,,58.76,239.88,-181.12,74.91,66.93,58.96,2594.584,3077.297,2.38457,99.04
4,20141107,2509913,1671,147729916,58.6,60.2,57,58.1,60.22,63.97,66.66,24.71,,,8.47,193.6,-185.13,75.41,66.66,57.92,1254.956,1254.956,1.86977,69.6
5,20141114,2027026,1331,121045869,59.5,60.5,58.9,59.2,58.94,62.87,66.21,34.39,,,-22.25,150.43,-172.68,75.5,66.21,56.92,1241.036,785.99,1.40147,42.82
6,20141121,2560129,1666,147609037,59.9,59.9,55.6,58.8,58.5,61.76,65.64,33.33,,,-49.26,110.49,-159.75,75.29,65.64,56,999.075,1561.054,1.09683,21.28
7,20141128,2433052,1579,142689601,59.1,59.8,57.6,57.8,58.4,60.73,65.03,30.3,,,-77.84,72.82,-150.66,75.04,65.04,55.03,644.043,1789.009,1.30246,26.35
8,20141205,4800600,2736,285892113,57.6,61.8,56.8,61,58.98,60.41,64.69,54.55,,,-73.81,43.5,-117.31,74.75,64.69,54.63,3671.047,1129.553,0.80327,0
9,20141212,5893740,3643,371425922,62.6,64,61.5,63.5,60.06,60.14,64.33,86.61,,,-49.87,24.82,-74.7,74.01,64.33,54.65,4239.357,1654.383,0.64207,0
10,20141219,2781856,2033,171431787,63,63.5,59.9,61.1,60.44,59.69,63.95,71.57,,,-49.7,9.92,-59.61,73.5,63.94,54.39,815.372,1966.484,0.69792,3.17
11,20141227,2327008,1353,144934113,60.8,63.3,60.8,62.9,61.26,59.88,63.79,89.22,69.570001,53.500001,-34.63,1.01,-35.64,73.29,63.78,54.28,2036.132,290.876,0.46844,0
12,20141231,940644,632,59023479,62.6,63.4,62.3,63,62.3,60.35,63.45,88.1,75.75,60.92,-21.64,-3.52,-18.12,72.57,63.45,54.33,627.096,313.548,0.54746,4.09
13,20150109,2548237,1794,161012831,63.9,64.6,61.5,63.2,62.74,60.86,63.15,84.44,78.65,66.83,-9.61,-4.74,-4.87,71.88,63.15,54.42,1306.788,1241.449,0.79667,16.98
14,20150116,4080711,2297,264523940,63.2,66.3,63.2,64.1,62.86,61.46,62.71,79.44,78.91,70.86,7.1,-2.37,9.47,70.26,62.71,55.17,2386.831,1693.88,0.55684,4.61
15,20150123,9281846,5235,625437780,64.8,69.4,63.9,67.6,64.16,62.3,62.58,85.71,81.18,74.3,48.03,7.71,40.32,69.69,62.58,55.48,6466.005,2815.841,0.56224,6.69
16,20150130,6082674,3772,419174588,67.9,70.9,67.1,67.2,65.02,63.14,62.45,73.76,78.71,75.77,76.36,21.44,54.92,69.08,62.45,55.82,2618.929,3463.745,0.72112,27.08
17,20150206,3233607,2217,214223537,67.3,67.7,65,66.7,65.76,64.03,62.38,61.82,73.08,74.87,93.69,35.89,57.81,68.79,62.38,55.97,1385.832,1847.775,0.76385,35.42
18,20150213,2063678,1527,136679855,67,67.5,65.5,66.2,66.36,64.55,62.48,57.27,67.81,72.52,102.22,49.16,53.07,69.06,62.48,55.9,707.547,1356.131,0.84838,45.56
19,20150226,2313499,1682,156621716,66.5,68.5,66.5,68.2,67.18,65.02,62.58,73.27,69.63,71.56,123.69,64.06,59.63,69.44,62.58,55.72,2046.557,266.942,1.026,100
20,20150306,5525677,3652,382086412,68.8,70.4,67.5,68.6,67.38,65.77,62.73,75.53,71.6,71.57,142.29,79.71,62.58,69.97,62.73,55.49,2930.283,2595.394,0.858,69.87
21,20150313,3567820,2357,246201936,68.1,69.9,68.1,68.8,67.7,66.36,63.12,77.66,73.62,72.25,156.84,95.14,61.71,70.77,63.12,55.47,2413.525,1154.295,0.66347,34.98
22,20150320,5835996,3548,408635837,69,71,68.6,69.6,68.28,67.02,63.69,82.05,76.43,73.64,172.84,110.68,62.16,71.5,63.68,55.87,3448.543,2387.453,0.59084,21.95
23,20150327,5602349,3491,394935649,71.4,72.2,69.1,70,69.04,67.7,64.28,73.49,75.45,74.24,186.59,125.86,60.73,72.11,64.28,56.45,2920.373,2681.976,0.75295,42.94
24,20150402,3136313,2055,220472225,70.6,71.1,69.3,70.4,69.48,68.33,64.9,75,75.3,74.59,198.42,140.37,58.05,72.62,64.9,57.17,1710.716,1425.597,0.72898,36.69
25,20150410,2679472,1948,186379429,70.9,70.9,68.3,68.8,69.52,68.45,65.38,52.78,67.79,72.32,192.68,150.83,41.84,72.81,65.37,57.94,372.149,2307.323,1.04148,100
26,20150417,2399559,1834,164317076,68.4,69.4,67.7,68.8,69.52,68.61,65.88,49.25,61.61,68.75,185.97,157.86,28.11,72.81,65.87,58.94,1482.081,917.478,1.13061,100
27,20150424,2924784,2167,198004576,68.4,69.2,66.6,67.3,69.06,68.67,66.35,14.04,45.75,61.08,166.64,159.62,7.02,72.22,66.35,60.48,974.928,1949.856,1.45384,100
28,20150430,2866510,2132,189994755,67.3,67.7,65.4,66.7,68.4,68.72,66.64,19.12,36.87,53.01,144.81,156.65,-11.85,71.97,66.63,61.3,1218.267,1648.243,1.68574,100
29,20150508,2976796,2018,193548527,66.9,66.9,63,63.3,66.98,68.23,66.62,3.26,25.67,43.9,98.93,145.11,-46.18,71.99,66.62,61.26,202.963,2773.833,1.87957,100
30,20150515,2944180,2167,181108291,63.2,63.6,60.2,62.3,65.68,67.6,66.68,17.5,22.95,36.92,53.88,126.86,-72.99,71.82,66.68,61.55,1226.742,1717.438,2.23284,100
31,20150522,1740656,1408,107288107,62.3,62.5,61,61.6,64.24,66.88,66.62,11.67,19.19,31.01,12.38,103.97,-91.58,71.97,66.62,61.27,605.446,1135.21,2.23603,100
32,20150529,1916136,1439,118869401,61.6,63.3,61,62.1,63.2,66.13,66.57,17.43,18.6,26.87,-16.28,79.92,-96.2,72.06,66.57,61.09,1074.906,841.23,2.07961,90.49
33,20150605,2586889,1927,157746616,62.1,62.8,59,60,61.86,65.13,66.41,8.4,15.2,22.98,-55.3,52.87,-108.17,72.45,66.41,60.38,799.584,1787.305,1.47873,53.97
34,20150612,2777923,1984,159773111,60,60,56.2,56.6,60.52,63.75,66.04,3.03,11.14,19.03,-112.37,19.83,-132.19,73.39,66.04,58.69,264.564,2513.359,2.28716,100
35,20150618,2095280,1619,119866868,56.6,58.3,55.7,57.3,59.52,62.6,65.52,11.85,11.38,16.48,-150.21,-14.18,-136.03,73.76,65.52,57.29,1210.606,884.674,1.79916,68.68
36,20150626,1996128,1515,113483673,57.6,57.6,56.3,56.8,58.56,61.4,65,9.17,10.64,14.53,-182.14,-47.77,-134.37,74.02,65,55.99,475.269,1520.859,2.4386,100
37,20150703,3017180,2457,175296638,56.8,59.8,56.2,59,57.94,60.57,64.62,29.46,16.91,15.32,-187.53,-75.72,-111.8,73.97,64.62,55.27,2172.37,844.81,1.398,20.44
38,20150709,2950165,2199,165344478,58.1,59,52.8,54.1,56.76,59.31,64.01,12.04,15.29,15.31,-228.7,-106.32,-122.38,74.38,64.01,53.65,697.888,2252.277,1.20774,0
39,20150717,2486556,2070,134339680,54.5,55.6,52.5,52.6,55.96,58.24,63.23,0.93,10.5,13.71,-270.32,-139.12,-131.2,74.53,63.23,51.94,634.865,1851.691,1.62538,33.93
40,20150724,4251130,2855,217823487,52.6,53.7,47.65,48,54.1,56.81,62.2,2.24,7.75,11.72,-336.54,-178.6,-157.94,75.01,62.2,49.4,821.885,3429.245,1.93622,59.18
41,20150731,4762916,3449,203599592,47.2,47.6,41,42.9,51.32,54.94,60.91,8.72,8.07,10.5,-425.27,-227.94,-197.33,75.85,60.91,45.97,1129.351,3633.565,3.40037,100
42,20150807,2012959,1534,83275315,42.8,43,40.1,43,48.12,53.03,59.58,14.57,10.24,10.41,-489.14,-280.18,-208.97,75.86,59.58,43.3,1059.452,953.507,2.70686,68.37
43,20150814,2162900,1372,95321995,43,45.6,42.3,45.6,46.42,51.59,58.36,27.92,16.13,12.32,-512.87,-326.72,-186.16,74.99,58.36,41.73,1784.392,378.508,1.75072,24.76
44,20150821,1582495,1250,69265598,45.6,45.9,42.25,42.25,44.35,50.16,56.95,10.91,14.39,13.01,-552.34,-371.84,-180.5,74.03,56.95,39.88,120.189,1462.306,1.57031,16.54
45,20150828,3051492,2193,126754652,40.8,43.6,38.8,43,43.35,48.73,55.66,20,16.26,14.09,-570.99,-411.67,-159.32,72.86,55.66,38.46,2155.008,896.484,0.721,0
46,20150904,2147520,1545,94677951,43,45,42.65,44.5,43.67,47.49,54.45,28.22,20.25,16.14,-567.13,-442.76,-124.36,71.19,54.45,37.71,1577.085,570.435,0.58682,0
47,20150911,2629090,1806,120159187,44.2,47.2,43.9,46.75,44.42,46.27,53.42,47.32,29.27,20.52,-539.69,-462.15,-77.54,69.39,53.42,37.45,2175.799,453.291,0.56113,0
48,20150918,2242901,1663,104876257,46.8,48,46,48,44.9,45.66,52.48,61.74,40.09,27.04,-502.07,-470.13,-31.94,67.38,52.48,37.59,1613.315,629.586,0.33901,0
49,20150925,1438977,1140,67192203,47.5,47.8,45.25,45.85,45.62,44.98,51.61,76.63,52.27,35.45,-484.02,-472.91,-11.11,65.91,51.61,37.32,327.868,1111.109,0.48549,4.78
50,20151002,1070054,759,50821187,45.3,48.5,45.05,48.3,46.68,45.02,50.91,97.94,67.49,46.13,-444.83,-467.29,22.47,64.39,50.91,37.43,961.846,108.208,0.45329,3.73
51,20151008,2309694,1498,114167873,48.8,50.8,48.25,48.6,47.5,45.59,50.26,81.67,72.22,54.83,-406.65,-455.17,48.51,62.84,50.26,37.68,1214.58,1095.114,0.71498,12.28
52,20151016,1132029,869,55353939,48.6,49.35,48.55,48.95,47.94,46.18,49.61,84.58,76.34,62,-369.32,-438,68.68,60.96,49.6,38.25,724.499,407.53,0.84303,16.46
53,20151023,3243587,2334,165885689,48.95,53.2,48.9,52.4,48.82,46.86,49.23,94.44,82.37,68.79,-308.34,-412.06,103.73,59.63,49.22,38.82,2708.238,535.349,0.38262,1.84
54,20151030,1938018,1432,100873289,52.7,53.3,50.3,51,49.85,47.73,48.95,78.4,81.05,72.88,-268.22,-383.3,115.08,58.83,48.94,39.06,547.701,1390.317,0.65992,22.73
55,20151106,1962815,1425,102735482,50.6,53.7,50.6,52.5,50.69,48.68,48.7,87.76,83.29,76.35,-221.76,-350.99,129.23,57.98,48.7,39.43,1461.671,501.144,0.52082,14.77
56,20151113,3668845,2409,191497624,53.2,54.7,49.8,50.1,50.99,49.24,48.37,52.33,72.97,75.22,-201.98,-321.19,119.21,56.91,48.37,39.83,892.422,2776.423,0.92749,100
57,20151120,1836807,1379,93787107,50,52.3,49,52.3,51.66,49.8,48.03,75.13,73.69,74.71,-166.63,-290.28,123.64,55.31,48.03,40.76,1419.351,417.456,1.17685,100
58,20151127,1963385,1411,102678769,53.2,53.6,51,51.4,51.46,50.14,47.9,65.8,71.06,73.49,-144.22,-261.06,116.85,54.81,47.9,40.99,365.281,1598.104,1.27893,100
59,20151204,1245602,941,63307802,51.2,51.3,50.3,51.1,51.48,50.67,47.83,44.19,62.1,69.69,-127.41,-234.33,106.93,54.56,47.82,41.09,533.829,711.773,1.71409,100
60,20151211,1357675,1041,68217601,51.3,51.5,49.3,49.5,50.88,50.79,47.9,15.45,46.55,61.98,-125.55,-212.57,87.03,54.67,47.9,41.13,193.954,1163.721,1.54873,87.58
61,20151218,1162796,922,56823114,48.35,49.9,48.2,49,50.66,50.83,48.2,12.31,35.14,53.03,-126.65,-195.39,68.74,54.59,48.2,41.82,525.494,637.302,2.53985,100
62,20151225,900121,642,44074922,48.8,49.4,48.55,48.6,49.92,50.79,48.48,6.15,25.48,43.85,-129.26,-182.16,52.91,54.4,48.48,42.57,344.164,555.957,1.92104,71.31
63,20151231,699703,471,33779545,49,49,47.95,48.1,49.26,50.36,48.61,2.22,17.73,35.14,-133.82,-172.49,38.68,54.38,48.61,42.84,65.597,634.106,2.64883,100
64,20160108,1849915,1154,85184205,48.3,48.3,44.3,46.6,48.36,49.92,48.83,22.12,19.19,29.82,-147.83,-167.56,19.73,53.91,48.83,43.74,654.585,1195.33,1.90126,67.01
65,20160115,1192507,885,52852133,46.6,46.6,42.8,43.7,47.2,49.04,48.86,8.33,15.57,25.07,-180.26,-170.1,-10.16,53.8,48.86,43.93,228.352,964.155,2.59113,97.29
66,20160122,866091,698,38274136,42.3,45.2,42.3,44.35,46.27,48.47,48.86,18.14,16.43,22.19,-198.43,-175.77,-22.66,53.81,48.85,43.9,723.144,142.947,1.75664,58.07
67,20160130,1063649,752,48320955,44.5,46.75,44.5,46.75,45.9,47.91,48.86,48.37,27.08,23.82,-191.26,-178.86,-12.39,53.81,48.85,43.9,1063.649,0,0.86242,0
68,20160203,606500,410,28606562,46.8,47.8,46.15,47.7,45.82,47.54,48.84,58.7,37.62,28.42,-175.88,-178.27,2.39,53.81,48.84,43.87,420.837,185.663,0.5307,0
69,20160219,960052,663,45536315,47.25,48.15,46.65,47.55,46.01,47.19,48.93,69.08,48.11,34.98,-163.02,-175.22,12.2,53.75,48.92,44.1,460.825,499.227,0.31023,0
70,20160226,2058501,1379,99372431,47.55,49.15,47.5,48.25,46.92,47.06,48.92,83.8,60.01,43.32,-145.51,-169.28,23.77,53.74,48.92,44.1,1306.356,752.145,0.44194,5.63
71,20160304,3594760,2707,183188223,48.6,52.1,48.6,51.7,48.39,47.33,49.08,95.92,71.98,52.87,-102.61,-155.94,53.34,54.04,49.08,44.11,3256.43,338.33,0.32609,0.68
72,20160311,2505735,1965,126862202,51.7,51.9,49.7,50.9,49.22,47.56,49.18,87.76,77.24,60.99,-74.21,-139.6,65.39,54.2,49.17,44.15,974.452,1531.283,0.52033,8.98
73,20160318,9162927,5539,485946455,51.2,54.2,50.2,53.5,50.38,48.1,49.23,94.12,82.87,68.28,-30.37,-117.75,87.38,54.42,49.23,44.04,6566.764,2596.163,0.43109,5.17
74,20160325,3766779,2472,204891667,53.7,55.4,53.6,54,51.67,48.84,49.38,89.31,85.02,73.86,8.31,-92.54,100.85,54.93,49.38,43.83,2152.445,1614.334,0.4695,6.81
75,20160401,2508973,1604,135109281,54.1,55.3,53,54,52.82,49.87,49.45,87.16,85.73,77.82,38.52,-66.33,104.85,55.21,49.45,43.7,1254.486,1254.486,0.63904,14.42
76,20160408,1782828,1285,96648093,54,55.1,53.3,54.3,53.34,50.86,49.67,88.11,86.52,80.72,64.14,-40.23,104.38,55.79,49.66,43.54,972.452,810.376,0.57329,11.53
77,20160415,1593853,1210,86189457,54.3,54.6,53.5,54.2,54,51.61,49.76,86.29,86.44,82.63,82.69,-15.65,98.34,56.1,49.76,43.42,758.978,834.875,0.8785,39.29
78,20160422,2315179,1641,124063476,54.8,54.8,52.7,52.7,53.84,52.11,49.83,65.82,79.57,81.61,84.31,4.34,79.97,56.26,49.82,43.39,0,2315.179,1.7465,100
79,20160429,1156901,831,61481418,52.6,53.9,52.3,52.9,53.62,52.65,49.92,63.24,74.13,79.12,86.22,20.72,65.5,56.47,49.91,43.36,655.577,501.324,1.86918,100
80,20160506,1442215,1013,74951334,52.5,53.6,50.8,51.7,53.16,52.99,50.03,35.09,61.12,73.12,77.16,32.01,45.15,56.62,50.02,43.43,554.698,887.517,2.30488,100
81,20160513,1017100,756,52765320,52.5,52.6,51,51.2,52.54,52.94,50.14,19.23,47.16,64.47,65.19,38.64,26.55,56.73,50.13,43.54,113.011,904.089,3.48232,100
82,20160520,1188505,981,61321639,51,52.6,50.5,52.5,52.2,53.1,50.33,40.82,45.05,58,65.44,44,21.44,56.96,50.33,43.7,942.607,245.898,1.12045,25.17
83,20160527,978060,599,51601980,52,53.3,52,52.6,52.18,53.01,50.56,43.75,44.62,53.54,65.69,48.34,17.35,57.17,50.55,43.94,704.203,273.857,0.99864,18.6
84,20160604,1108795,760,58425602,52.6,53.2,52.2,52.6,52.12,52.87,50.86,45.65,44.96,50.68,65.13,51.7,13.44,57.27,50.85,44.44,554.398,554.398,0.85482,13.89
85,20160608,667690,491,35263767,52.9,53.3,52.5,52.8,52.34,52.75,51.31,53.49,47.8,49.72,65.55,54.47,11.08,56.86,51.31,45.76,367.229,300.461,0.53519,2.18
86,20160617,1252774,825,66409976,53,53.6,52.2,53.2,52.74,52.64,51.75,62.79,52.8,50.75,68.32,57.24,11.09,56.34,51.75,47.16,715.871,536.903,0.71129,5.98
87,20160624,1119161,768,59121951,53.2,53.5,51.3,51.8,52.6,52.4,52.01,38.24,47.95,49.82,58.55,57.5,1.05,55.98,52,48.03,298.443,820.718,1.14284,20.62
88,20160701,1597548,845,84254028,51.7,53.5,51.1,53.2,52.72,52.45,52.28,87.1,61,53.55,61.39,58.28,3.11,55.76,52.28,48.8,1174.668,422.88,0.81408,9.46
89,20160707,1404695,1005,75826156,53.4,54.8,53.3,54.2,53.04,52.58,52.61,86.05,69.35,58.82,70.9,60.8,10.09,55.43,52.61,49.8,994.992,409.703,0.68788,5.18
90,20160715,2526580,1693,137558056,54.3,55,53.6,55,53.48,52.91,52.95,100,79.57,65.74,83.92,65.43,18.49,55.14,52.95,50.76,1722.668,803.912,0.58634,1.74
91,20160722,6943886,3925,388486774,55.2,56.9,55.2,55.7,53.98,53.36,53.15,79.31,79.48,70.32,98.75,72.09,26.66,55.57,53.15,50.73,4255.93,2687.956,0.53072,0
92,20160729,3668348,2086,190025035,51.6,52.5,51.2,52.1,54.04,53.32,53.21,17.24,58.73,66.46,80.52,73.78,6.75,55.45,53.21,50.97,917.087,2751.261,0.84313,10.58
93,20160805,1739198,1227,90987025,52.1,52.9,51.5,52.8,53.96,53.34,53.17,29.31,48.92,60.61,70.91,73.2,-2.29,55.42,53.17,50.93,1159.465,579.733,0.84702,51.67
94,20160812,1597965,1250,83954172,52.8,53,52.1,53,53.72,53.38,53.12,32.76,43.53,54.92,64.17,71.4,-7.23,55.34,53.12,50.91,898.855,699.11,0.92902,65.07
95,20160819,1525902,1113,80896551,53.1,53.4,52.8,53.1,53.34,53.41,53.08,34.48,40.51,50.12,58.95,68.91,-9.96,55.26,53.08,50.9,821.64,704.262,1.24685,100
96,20160826,1510655,970,79743748,52.9,53.2,52.2,53.2,52.84,53.41,53.03,36.21,39.08,46.44,54.99,66.12,-11.14,55.13,53.02,50.92,954.098,556.557,0.6624,18.39
97,20160902,1348878,873,71417279,53.2,53.5,52.2,52.7,52.96,53.5,52.95,26.32,34.83,42.57,47.27,62.35,-15.08,54.99,52.95,50.91,513.858,835.02,0.87659,48.3
98,20160910,2957027,2038,159928554,52.7,55,52.2,54.7,53.34,53.65,53.05,61.4,43.69,42.94,56.64,61.21,-4.57,55.22,53.05,50.88,2299.91,657.117,0.59984,9.65
99,20160914,949120,570,50929440,54.4,54.8,52.8,53.2,53.38,53.55,53.07,35.09,40.82,42.23,51.36,59.24,-7.88,55.24,53.06,50.89,244.934,704.186,0.68602,21.69
100,20160923,1308212,984,69963139,53.2,54.1,53.2,53.5,53.46,53.4,53.16,60.53,47.39,43.95,49.04,57.2,-8.16,55.24,53.15,51.07,784.927,523.285,0.70756,24.69
101,20160930,911150,609,48443584,53.5,53.6,52.7,52.8,53.38,53.11,53.24,37.14,43.97,43.96,41.08,53.98,-12.9,55.13,53.23,51.34,165.664,745.486,0.75243,30.96
102,20161007,1194006,874,63230851,52.8,53.6,52.6,52.9,53.42,53.19,53.26,27.59,38.51,42.14,35.17,50.22,-15.04,55.13,53.25,51.38,628.424,565.582,1.39178,100
103,20161014,1832484,1287,96572525,53,53.8,51.8,53,53.08,53.21,53.27,37.5,38.17,40.82,30.94,46.36,-15.42,55.13,53.27,51.42,938.589,893.895,1.08367,61.09
104,20161021,1465456,1044,77251971,53,53.2,52,53.2,53.08,53.23,53.31,43.75,40.03,40.56,28.87,42.86,-14,55.13,53.3,51.48,799.34,666.116,1.13391,67.44
105,20161028,1172863,880,61995407,53.1,53.3,52.4,52.7,52.92,53.19,53.3,28.13,36.06,39.06,22.92,38.87,-15.95,55.13,53.3,51.47,390.954,781.909,1.05447,57.41
106,20161104,1093841,833,57155081,52.7,52.8,51.8,52,52.76,53.07,53.24,6.25,26.12,34.75,12.42,33.58,-21.16,55.16,53.24,51.32,252.425,841.416,1.3368,93.06
107,20161111,2767109,1855,147146548,52,54.5,52,53.3,52.84,53.13,53.32,50,34.08,34.53,14.42,29.75,-15.33,55.12,53.31,51.51,1869.668,897.441,0.96211,45.74
108,20161118,2063932,1685,110741117,53.3,54.3,52.8,54.3,53.1,53.09,53.37,92.59,53.58,40.88,23.81,28.56,-4.76,55.22,53.37,51.52,1547.949,515.983,0.74778,18.68
109,20161125,4369733,2950,244686402,54.5,57,54.4,56.3,53.72,53.4,53.48,86.54,64.57,48.78,46.84,32.22,14.62,55.7,53.47,51.25,3398.681,971.052,0.45636,0
110,20161202,5602562,3985,327693996,56.3,60.6,56,60.5,55.28,54.1,53.75,98.86,76,57.85,97.86,45.35,52.51,57.5,53.75,50,5154.357,448.205,0.23664,0
111,20161209,12890641,8873,815103217,61.4,66,61,62.2,57.32,55.04,54.07,73.24,75.08,63.59,150.27,66.33,83.94,59.29,54.07,48.86,7530.176,5360.465,0.4138,15.34
112,20161216,7114979,5040,451484426,62.5,65.2,61.8,62.8,59.22,56.03,54.61,77.46,75.87,67.68,194.41,91.95,102.47,60.97,54.61,48.25,3871.386,3243.593,0.50231,23
113,20161223,2629780,1895,164930159,62.1,63.5,61.6,62,60.76,56.93,55.07,71.83,74.52,69.96,220.4,117.64,102.76,62.13,55.07,48.01,1075.819,1553.961,0.60154,31.59
114,20161230,1869114,1306,116392599,62.1,63.1,61.5,63,62.1,57.91,55.57,78.87,75.97,71.96,246.22,143.35,102.87,63.35,55.57,47.79,1323.956,545.158,0.77552,48.98
115,20170106,3439640,2308,219276290,63.9,65,62.6,64,62.8,59.04,56.11,85.71,79.22,74.38,271.63,169.01,102.62,64.62,56.11,47.61,2026.931,1412.709,0.81409,52.49
116,20170113,4783281,3756,297794897,63.5,64.2,60.5,62.3,62.82,60.07,56.57,71.97,76.8,75.19,274.87,190.18,84.69,65.38,56.57,47.76,1784.806,2998.475,1.0481,73.76
117,20170120,2175049,1670,135208811,62.3,62.6,61.6,62.2,62.7,60.96,57.04,67.24,73.61,74.66,273.49,206.84,66.64,65.99,57.04,48.1,1030.286,1144.763,0.98948,68.43
118,20170124,808009,639,50559159,62.2,63.1,61.9,63.1,62.92,61.84,57.46,71,72.74,74.02,276.46,220.77,55.7,66.71,57.46,48.22,646.407,161.602,1.04175,99.22
119,20170203,1641772,1266,102677782,63.5,63.5,62,62.8,62.88,62.49,57.94,41.82,62.43,70.16,273.25,231.26,41.99,67.25,57.94,48.64,486.451,1155.321,1.38304,100
120,20170210,2853257,2186,180725501,62.8,64.6,62.2,63.3,62.74,62.77,58.43,59.57,61.48,67.27,271.61,239.33,32.28,67.79,58.43,49.08,1592.516,1260.741,0.99115,65.82
121,20170218,3024635,2174,190161726,63,63.7,62.1,62.4,62.76,62.79,58.92,42.22,55.06,63.2,260.05,243.48,16.57,68.04,58.91,49.79,1042.978,1981.657,1.2099,84.9
122,20170224,2080363,1481,129125712,62.5,62.5,61.7,61.9,62.7,62.7,59.37,31.11,47.08,57.83,244.04,243.59,0.45,68.14,59.36,50.59,378.248,1702.115,1.74271,100
123,20170303,1343966,1170,83157646,61.7,62.4,61.5,61.6,62.4,62.66,59.79,24.44,39.53,51.73,226.32,240.14,-13.81,68.11,59.79,51.48,565.88,778.086,1.59866,88.39
124,20170310,2479079,1971,152511339,61.6,62.6,60.6,62,62.24,62.56,60.23,36.59,38.55,47.34,213.05,234.72,-21.67,68.03,60.23,52.44,1377.266,1101.813,1.6537,92.2
125,20170317,4201860,2452,265896913,62.3,65,62,64.6,62.5,62.62,60.83,90.91,56,50.23,220.97,231.97,-11,68.02,60.83,53.64,3466.534,735.326,0.74592,0
126,20170324,12608564,7907,859545548,67.9,69.2,67.2,67.4,63.5,63.13,61.6,79.07,63.69,54.72,246.99,234.97,12.02,68.11,61.6,55.09,8567.358,4041.206,0.47624,0
127,20170331,3985494,2816,265372292,67.4,67.4,66,67,64.52,63.61,62.28,74.42,67.27,58.9,261.37,240.25,21.12,67.99,62.28,56.58,1660.622,2324.872,0.54428,5.37
128,20170407,2063208,1356,137359585,67.2,67.3,65.8,66.3,65.46,63.93,62.89,66.28,66.94,61.58,264.08,245.02,19.06,67.54,62.88,58.23,538.228,1524.98,0.60609,10.25
129,20170414,2971894,2092,194539142,66.4,66.7,64,64.2,65.9,64.07,63.28,41.86,58.58,60.58,246.43,245.3,1.13,66.84,63.28,59.72,450.287,2521.607,0.92834,35.7
130,20170421,1878095,1437,121443049,64.2,65.7,63.5,64.8,65.94,64.22,63.49,48.84,55.33,58.83,234.59,243.16,-8.57,66.87,63.49,60.12,1087.318,790.777,1.91685,100
131,20170428,2847550,2050,189566247,65.1,67.4,65,66.9,65.84,64.67,63.73,73.26,61.31,59.66,239.39,242.4,-3.02,67.36,63.73,60.1,2329.814,517.736,1.21551,51.32
132,20170505,1807108,1323,121062475,67.2,68,66.6,66.8,65.8,65.16,63.93,72.09,64.9,61.41,239.62,241.85,-2.23,67.77,63.93,60.09,669.299,1137.809,1.09505,42.95
133,20170512,2748609,1965,185562392,67,68.2,66.9,68.1,66.16,65.81,64.23,84.72,71.51,64.78,247.44,242.97,4.48,68.37,64.23,60.1,2425.243,323.366,0.42534,0
134,20170519,4574851,2986,314009868,69,70.1,67.5,68.7,67.06,66.48,64.52,78.79,73.94,67.83,255.54,245.48,10.06,69.04,64.52,60,2501.872,2072.979,0.5112,5.76
135,20170526,3661642,2397,251129543,68.9,69.4,67.8,68.8,67.86,66.9,64.76,80.3,76.06,70.57,259.77,248.34,11.43,69.64,64.76,59.88,1883.13,1778.512,0.71029,19.1
136,20170603,2307319,1614,159646426,69.3,69.8,68.8,69.6,68.4,67.12,65.12,92.42,81.51,74.22,266.5,251.97,14.53,70.3,65.12,59.95,1573.172,734.147,0.58556,10.74
137,20170609,4746160,3211,332878384,69.5,71.4,69.2,70,69.04,67.42,65.51,82.28,81.77,76.74,271.93,255.96,15.97,70.92,65.51,60.11,2729.042,2017.118,0.76005,22.44
138,20170616,3302862,2270,231561441,69.7,70.8,69.2,70.4,69.5,67.83,65.88,87.34,83.63,79.04,276.28,260.03,16.25,71.56,65.88,60.2,2241.228,1061.634,0.66355,15.97
139,20170623,2832875,1981,199155673,70.6,70.9,69.6,70.5,69.86,68.46,66.27,85.94,84.4,80.83,277.33,263.49,13.84,72.1,66.26,60.43,1465.28,1367.595,0.64686,14.85
140,20170630,2342261,1531,165784831,70.5,71.5,70,70.7,70.24,69.05,66.64,83.67,84.16,81.94,276.59,266.11,10.48,72.61,66.63,60.66,1254.783,1087.478,0.71958,19.73
141,20170707,2454574,1659,171544647,70.7,70.7,69.3,69.9,70.3,69.35,67.01,65.22,77.85,80.58,266.48,266.18,0.3,72.81,67.01,61.21,736.372,1718.202,0.91878,33.08
142,20170714,3501379,2050,246243637,69.9,71.2,69.3,70.9,70.48,69.76,67.46,85,80.23,80.46,263.5,265.65,-2.15,73,67.46,61.92,2375.936,1125.443,0.9085,61.15
143,20170721,9781010,4886,675387878,71.5,71.8,66,66.7,69.74,69.62,67.72,12.07,57.51,72.81,224.65,257.45,-32.79,72.58,67.71,62.85,1321.758,8459.252,2.17801,100
144,20170728,2527965,1944,167678145,66.7,66.8,66,66.3,68.9,69.38,67.93,5.17,40.06,61.89,188.47,243.65,-55.18,72.09,67.93,63.77,842.655,1685.31,2.46142,100
145,20170804,2526977,1784,165325650,66.3,66.3,64.7,65.5,67.86,69.05,67.98,11.27,30.46,51.41,151.59,225.24,-73.65,72.01,67.97,63.94,842.326,1684.651,2.40673,97.2
146,20170811,5035308,3131,327428837,65.5,66.2,63.7,65.6,67,68.65,67.89,23.46,28.13,43.65,121.77,204.54,-82.78,72.05,67.88,63.72,2569.035,2466.273,2.56386,100
147,20170818,4896715,3257,330150617,65.8,69,65.5,68.7,66.56,68.52,67.97,61.73,39.33,42.21,121.74,187.98,-66.24,72.12,67.97,63.82,4213.452,683.263,0.76995,9.32
148,20170825,3773450,2910,258250623,68.8,69.4,67.6,68.4,66.9,68.32,68.08,58.02,45.56,43.33,117.94,173.98,-56.03,72.16,68.07,63.99,1600.858,2172.592,0.75949,5.88
149,20170901,4305871,3138,297442523,68.5,69.9,67.9,69.4,67.52,68.21,68.34,70.37,53.83,46.83,121.6,163.5,-41.9,72.05,68.33,64.62,2825.728,1480.143,0.60685,0
150,20170908,4340979,3100,302600135,69.1,71,68.3,70.4,68.5,68.18,68.62,82.72,63.46,52.37,131.05,157.01,-25.96,72.05,68.61,65.18,2959.758,1381.221,0.49287,0
151,20170915,2573385,1779,181878463,71,71,70.2,71,69.58,68.29,68.82,90.12,72.35,59.03,141.76,153.96,-12.2,72.31,68.82,65.33,1637.609,935.776,0.66154,8.14
152,20170922,7572925,5001,545699588,71,73.5,69.7,70,69.84,68.2,68.98,64.29,69.66,62.57,140.55,151.28,-10.73,72.38,68.98,65.58,3212.756,4360.169,0.76696,13.23
153,20170930,3310579,2472,227613903,70,70.1,67.8,69.5,70.06,68.48,69.05,59.18,66.17,63.77,134.01,147.82,-13.81,72.43,69.05,65.67,1453.425,1857.154,0.92128,20.69
154,20171006,2093264,1218,147422961,69.9,71,69.6,71,70.38,68.95,69.17,74.49,68.94,65.49,139.33,146.12,-6.8,72.65,69.16,65.68,1794.226,299.038,0.92024,20.64
155,20171013,2184753,1373,155720811,71,71.7,70.8,71.2,70.54,69.52,69.28,71.25,69.71,66.9,143.5,145.6,-2.1,72.87,69.28,65.7,1228.924,955.829,0.97176,23.12
156,20171020,3062540,2209,217595472,71.4,71.7,70.1,71.5,70.64,70.11,69.38,66.1,68.51,67.44,147.53,145.99,1.54,73.09,69.38,65.67,1670.476,1392.064,0.73272,11.58
157,20171027,3435200,2516,244220406,71.6,72.4,69.9,70.2,70.68,70.26,69.39,42.11,59.71,64.86,138.63,144.51,-5.88,73.11,69.39,65.67,1021.276,2413.924,0.88555,18.96
158,20171103,1457352,955,102091456,70.2,70.7,69.4,70.4,70.86,70.46,69.39,45.61,55.01,61.58,131.68,141.95,-10.27,73.11,69.39,65.67,789.399,667.953,1.1528,100
159,20171110,2654317,1830,184952008,70.8,70.8,68.3,69.2,70.5,70.44,69.33,24.56,44.86,56.01,115.16,136.59,-21.43,73.01,69.32,65.64,628.654,2025.663,1.58149,100
160,20171117,3082996,2278,209820718,69.7,69.7,67.3,68.7,70,70.27,69.23,22.58,37.43,49.82,96.91,128.65,-31.74,72.86,69.22,65.59,1003.766,2079.23,2.0873,100
161,20171124,4179889,2567,281766006,68.9,68.9,67,67.2,69.14,69.89,69.09,3.7,26.19,41.94,69.55,116.83,-47.29,72.82,69.09,65.36,363.469,3816.42,3.0838,100
162,20171201,3115142,2164,207515606,67.3,67.3,65.2,65.5,68.2,69.44,68.82,4.17,18.85,34.24,33.75,100.22,-66.46,72.76,68.82,64.88,373.817,2741.325,4.49956,100
163,20171208,2776539,2110,179613795,65.6,65.7,63.6,64,66.92,68.89,68.69,4.55,14.08,27.52,-6.64,78.84,-85.49,73.07,68.68,64.3,514.174,2262.365,4.83293,100
164,20171215,4116601,3135,263025199,64.2,64.9,63,63.1,65.7,68.1,68.53,1.06,9.74,21.59,-45.39,54,-99.39,73.45,68.52,63.6,1135.614,2980.987,4.94375,100
165,20171222,3571373,2333,223325322,63.5,63.5,61.8,63,64.56,67.28,68.4,11.32,10.27,17.82,-76.03,27.99,-104.02,73.73,68.4,63.07,1298.681,2272.692,3.08744,55.92
166,20171229,2258687,1459,142378781,63.4,63.6,62.3,63.5,63.82,66.48,68.3,18.89,13.14,16.26,-95.19,3.36,-98.54,73.92,68.29,62.67,1324.058,934.629,1.97791,29.57
167,20180105,1880856,1493,119310542,64.4,64.4,62.8,63.3,63.38,65.79,68.03,16.67,14.32,15.61,-110.7,-19.46,-91.25,74.05,68.02,62,313.476,1567.38,1.90472,27.83
168,20180112,2580114,1778,162964066,63.5,63.8,62.6,62.6,63.1,65.01,67.73,10.13,12.92,14.71,-127.18,-41,-86.18,74.2,67.73,61.27,455.314,2124.8,2.03433,28.31
169,20180119,2096025,1686,133403147,62.8,64.3,62.7,63.5,63.18,64.44,67.44,23.94,16.59,15.34,-131.46,-59.09,-72.37,74.11,67.44,60.77,1397.35,698.675,1.52584,9.84
170,20180126,2205517,1571,139178924,63.6,63.8,62.6,63.4,63.26,63.91,67.09,29.09,20.76,17.15,-134.12,-74.1,-60.02,73.84,67.09,60.34,958.92,1246.597,1.80395,8.14
171,20180202,2452387,1826,155346994,63.5,64,62.6,63.5,63.26,63.54,66.72,43.59,28.37,20.89,-133.87,-86.05,-47.82,73.38,66.71,60.05,1268.476,1183.911,1.28772,0
172,20180209,3626750,2504,225188710,62.8,63.4,60.6,62.3,63.06,63.22,66.33,39.53,32.09,24.62,-141.72,-97.19,-44.54,73.08,66.33,59.58,1438.194,2188.556,1.05033,0
173,20180212,601499,464,37623336,62.7,63.3,62.1,63.3,63.2,63.15,66.02,71.05,45.08,31.44,-138.28,-105.41,-32.88,72.73,66.02,59.31,437.454,164.045,1.16575,2.96
174,20180223,1331695,1035,84864596,64.8,64.8,63.3,63.5,63.2,63.19,65.64,69.05,53.07,38.65,-132.42,-110.81,-21.61,72.03,65.64,59.26,688.808,642.887,1.09039,1.03
175,20180302,1504841,1235,95778522,64,64,63,63.1,63.14,63.2,65.24,59.52,55.22,44.17,-129.5,-114.55,-14.96,71.18,65.24,59.3,94.053,1410.788,1.65742,15.59
176,20180309,1801180,1573,113168586,63.1,63.4,62.3,63,63.04,63.15,64.81,57.14,55.86,48.07,-126.54,-116.95,-9.6,70.08,64.81,59.55,857.705,943.475,1.52125,23.12
177,20180316,3603524,2688,230834421,63,65.3,62.8,65.1,63.6,63.33,64.56,95.74,69.15,55.1,-106.03,-114.76,8.73,69.21,64.56,59.91,3106.486,497.038,0.73608,0
178,20180323,10980002,6770,736465905,65.3,68.8,65.1,67.3,64.4,63.8,64.4,81.71,73.34,61.18,-71.2,-106.05,34.85,68.44,64.4,60.37,7646.787,3333.215,0.52836,0
179,20180331,6204754,3720,421330430,67.3,68.5,67.3,67.6,65.22,64.21,64.32,85.37,77.35,66.57,-40.71,-92.98,52.28,68.02,64.32,60.63,3545.574,2659.18,0.49041,0
180,20180403,1551752,1034,104579327,67.8,68,66.9,67.5,66.1,64.62,64.26,84.15,79.62,70.92,-17.15,-77.81,60.67,67.71,64.26,60.82,591.144,960.608,0.50034,0.76
181,20180413,3335480,2312,221600516,67.5,67.5,65.6,66.1,66.72,64.88,64.21,59.7,72.98,71.61,-9.66,-64.18,54.52,67.49,64.21,60.93,694.892,2640.588,0.76882,21.2
182,20180420,1868479,1290,123134005,66.1,66.7,65.4,65.8,66.86,65.23,64.22,53.85,66.6,69.94,-6.08,-52.56,46.48,67.53,64.22,60.92,812.382,1056.097,1.29633,69.06
183,20180427,2011240,1432,130245239,65.8,65.9,64,64.8,66.36,65.38,64.26,38.46,57.22,65.7,-11.19,-44.29,33.1,67.58,64.26,60.95,646.47,1364.77,2.19392,100
184,20180504,1178219,872,76112397,65.2,65.3,63.9,64.5,65.74,65.48,64.33,33.85,49.43,60.28,-17.45,-38.92,21.47,67.61,64.33,61.06,329.901,848.318,2.37948,100
185,20180511,3720060,2588,233888499,64.8,64.9,61.9,63,64.84,65.47,64.34,15.94,38.27,52.94,-34.13,-37.96,3.84,67.61,64.33,61.06,992.016,2728.044,2.15668,88.21
186,20180518,1675179,1165,104892433,63,63.3,62.3,62.5,64.12,65.42,64.28,8.7,28.41,44.76,-50.79,-40.53,-10.26,67.64,64.28,60.93,558.393,1116.786,2.39749,100
187,20180525,2043494,1396,128291226,62.5,63.3,62.4,63,63.56,65.21,64.27,16.67,24.5,38.01,-59.28,-44.28,-15,67.64,64.27,60.9,1414.727,628.767,1.61513,58.98
188,20180601,2078020,1385,133053532,63.2,65,63.2,64.2,63.44,64.9,64.35,37.7,28.9,34.97,-55.68,-46.56,-9.12,67.64,64.35,61.06,1484.3,593.72,1.13887,34
189,20180608,1858321,1212,119603240,64.3,64.9,64,64.5,63.44,64.59,64.4,46.43,34.74,34.89,-49.83,-47.21,-2.62,67.66,64.4,61.14,1093.13,765.191,0.68222,10.06
190,20180615,2111516,1343,134740918,64.7,64.7,62.9,62.9,63.42,64.13,64.38,20.83,30.1,33.29,-57.45,-49.26,-8.19,67.68,64.37,61.07,0,2111.516,1.02681,28.13
191,20180622,2340850,1664,146126597,62.9,63.3,62,62.6,63.44,63.78,64.33,17.5,25.9,30.83,-65.15,-52.44,-12.71,67.7,64.33,60.96,1017.761,1323.089,1.33331,43.91
192,20180629,3088398,2075,191528993,62.6,62.7,60.7,62.5,63.34,63.45,64.34,39.13,30.31,30.66,-71.24,-56.2,-15.04,67.69,64.34,60.99,1504.604,1583.794,1.59967,53.49
193,20180706,2346269,1605,146485433,63,63.3,61.3,61.7,62.84,63.14,64.26,23.26,27.96,29.76,-81.59,-61.28,-20.31,67.78,64.26,60.74,513.246,1833.023,2.25702,91.81
194,20180713,2819565,1603,174835401,62.4,62.7,61.5,62.5,62.44,62.94,64.21,41.86,32.59,30.7,-82.38,-65.5,-16.88,67.8,64.21,60.62,1785.724,1033.841,1.19754,30.04
195,20180720,4209802,2371,253797884,62.5,63,57.8,58.1,61.48,62.45,63.96,4.17,23.12,28.17,-117.16,-75.83,-41.33,68.41,63.96,59.51,561.307,3648.495,1.85553,68.4
196,20180727,1609214,1170,92053622,58.4,58.4,56.6,57.5,60.46,61.95,63.69,10.71,18.98,25.11,-147.86,-90.24,-57.62,68.95,63.68,58.42,482.764,1126.45,2.28589,93.49
197,20180803,1993221,1392,113606627,57.5,57.6,56.5,57,59.36,61.35,63.28,5.95,14.64,21.62,-174.22,-107.03,-67.19,69.24,63.28,57.32,703.49,1289.731,2.00904,77.35
198,20180810,1747068,1150,100512889,57,58.2,56.6,58,58.62,60.73,62.81,18.29,15.86,19.7,-184.91,-122.61,-62.3,68.9,62.81,56.73,1270.595,476.473,2.16727,92.6
199,20180817,1330674,788,76020785,58,58,56.6,57.2,57.56,60,62.3,10.29,14,17.8,-197.55,-137.6,-59.96,68.43,62.29,56.16,399.202,931.472,1.33896,40.95
200,20180824,2060424,1462,115867918,58,58,55,55.4,57.02,59.25,61.69,4.82,10.94,15.51,-219.57,-153.99,-65.58,68.04,61.69,55.34,196.231,1864.193,1.77538,68.17
201,20180831,2129078,1295,122633475,55.4,58.7,55.1,58.6,57.24,58.85,61.31,43.37,21.75,17.59,-208.79,-164.95,-43.84,67.46,61.31,55.17,1916.17,212.908,0.92143,0
202,20180907,1384498,720,80602943,58.9,58.9,57,57.1,57.26,58.31,60.88,26.25,23.25,19.48,-209.93,-173.95,-35.99,66.93,60.88,54.83,60.196,1324.302,1.68476,55.94
203,20180914,1412775,978,80901900,57.9,58.1,56.3,58,57.26,57.94,60.54,37.5,28,22.32,-201.25,-179.41,-21.85,66.43,60.54,54.65,854.236,558.539,1.30828,28.35
204,20180921,1421563,946,82658247,58.2,58.7,57.7,58.5,57.52,57.54,60.24,89.74,48.58,31.07,-188.17,-181.16,-7.01,65.9,60.24,54.58,897.829,523.734,0.70257,0
205,20180928,1524288,964,88369378,58.3,58.6,56.9,57.3,57.9,57.46,59.95,58.97,52.04,38.06,-185.35,-182,-3.35,65.6,59.95,54.31,410.385,1113.903,1.58391,55.66
206,20181005,1363187,974,77947377,58,58,55.8,57,57.58,57.41,59.68,51.28,51.79,42.64,-183.42,-182.29,-1.14,65.34,59.68,54.02,398.982,964.205,1.23383,33.55
207,20181012,2002855,1265,108662517,56.9,57,52.8,57,57.56,57.41,59.38,68.85,57.48,47.59,-179.82,-181.79,1.97,64.94,59.38,53.82,1025.271,977.584,1.30996,38.36
208,20181019,2297485,1516,126632831,56.3,57,53.6,53.6,56.68,56.97,58.85,13.11,42.69,45.96,-202.07,-185.85,-16.23,64.49,58.85,53.21,335.05,1962.435,2.31283,100
209,20181024,1456276,958,75905967,53.1,53.8,50.9,51.3,55.24,56.38,58.19,5,30.13,40.68,-235.55,-195.79,-39.76,64.11,58.19,52.27,355.979,1100.297,2.36589,100
210,20181109,2272786.5,984,79857765,64.3,66.1,61.8,65.8,56.94,57.42,58.33,98.03,52.76,44.71,-143.43,-185.32,41.89,64.83,58.33,51.84,1956.179,316.607,1.18637,29.09
211,20181116,1277424,1046,83857708,64.8,67.7,63.7,67.2,58.98,58.28,58.56,97.02,67.51,52.31,-58.45,-159.94,101.5,65.91,58.56,51.22,967.745,309.679,1.02049,19.11
212,20181123,835356,695,56194175,67.2,68,66.6,67.4,61.06,59.31,58.81,96.49,77.17,60.6,10.39,-125.88,136.27,66.95,58.81,50.67,449.807,385.549,0.5663,0
213,20181130,894944,810,60619204,67.5,68.6,66.9,68.4,64.02,60.35,59.15,98.87,84.4,68.53,72.19,-86.26,158.45,68.23,59.14,50.06,619.577,275.367,0.32234,0
214,20181207,892424,737,60419119,68.5,68.9,66,66.1,66.98,61.11,59.33,84.44,84.41,73.82,101.43,-48.72,150.16,68.8,59.32,49.85,127.489,764.935,0.80177,23.46
215,20181214,810282,787,53866958,68.9,68.9,65.9,66.5,67.12,62.03,59.74,86.67,85.16,77.6,126.38,-13.7,140.08,69.7,59.74,49.79,419.61,390.672,1.12375,39.22
216,20181222,815584,660,53978895,66.5,66.6,65.8,66.3,66.94,62.96,60.18,85.56,85.29,80.16,142.89,17.61,125.27,70.48,60.18,49.89,349.536,466.048,1.25116,45.45
217,20181228,869000,527,56724200,66.6,66.6,64.1,64.1,66.28,63.67,60.54,73.33,81.3,80.54,136.64,41.42,95.22,70.86,60.54,50.22,0,869,2.77778,100
218,20190104,489239,399,31777935,65.4,65.4,64.4,65,65.6,64.81,60.89,45.07,69.22,76.77,137.38,60.61,76.76,71.32,60.89,50.46,304.122,185.117,1.78039,59.38
219,20190111,904718,794,60004036,65,67.3,65,67.2,65.82,66.4,61.39,67.31,68.58,74.04,153.93,79.28,74.66,72.02,61.39,50.76,867.021,37.697,1.02445,28.59
220,20190118,815999,637,54771902,67.7,67.8,66.3,67,65.92,66.52,61.97,60.42,65.86,71.31,163.55,96.13,67.42,72.49,61.97,51.45,233.143,582.856,1.19254,35.44
221,20190125,1026681,840,69617641,67.8,68.2,67.3,67.8,66.22,66.58,62.43,77.08,69.6,70.74,175.61,112.03,63.58,73.13,62.43,51.73,671.291,355.39,0.55939,9.65
222,20190130,1215388,863,83268182,68.2,69.8,67.5,69.8,67.36,66.82,63.06,100,79.73,73.74,199.01,129.42,69.59,73.93,63.06,52.2,965.161,250.227,0.44806,5.12
223,20190215,1538250,1317,109512063,71.8,72.6,70,72.1,68.78,67.19,63.77,94.12,84.53,77.34,233.42,150.22,83.2,75.05,63.77,52.49,1025.5,512.75,0.58762,10.8
224,20190222,2231758,1764,165886859,72.1,76.3,72.1,76,70.54,68.18,64.64,97.54,88.87,81.18,288.84,177.95,110.89,76.83,64.64,52.46,2082.974,148.784,0.26705,0
225,20190227,2082172,1856,159573209,76.3,77.9,75.3,75.9,72.32,69.12,65.58,85.51,87.75,83.37,328.16,207.99,120.17,78.21,65.57,52.94,898.192,1183.98,0.42152,6.15
226,20190308,2697450,1962,209426584,76.9,79.4,76.1,78.3,74.42,70.32,66.64,92.67,89.39,85.38,374.38,241.27,133.11,79.78,66.64,53.5,1870.812,826.638,0.45464,7.47
227,20190315,3653041,2622,293796539,78.9,82.4,78.1,81.6,76.78,72.07,67.87,95.4,91.39,87.38,432.64,279.54,153.1,81.76,67.87,53.98,2753.831,899.21,0.40214,5.38
228,20190322,4037600,3087,331179498,82.5,83.7,80.4,82.3,78.82,73.8,69.3,91.95,91.58,88.78,478.95,319.42,159.52,82.92,69.3,55.69,2202.327,1835.273,0.61424,13.83
229,20190329,2266676,2045,187514346,82,83.4,81.5,83.3,80.28,75.41,70.9,97.56,93.57,90.38,517.75,359.09,158.66,83.14,70.9,58.67,1780.96,485.716,0.47013,13.42
230,20190403,1674000,1167,140691700,83.8,84.8,83.4,84.5,82,77.16,71.84,98.27,95.14,91.97,551.82,397.63,154.18,85.18,71.84,58.5,1223.308,450.692,0.46114,20.97
231,20190412,2693157,2051,231319951,85,87.4,84.8,86.9,83.72,79.07,72.82,97.13,95.8,93.25,591.36,436.38,154.99,87.49,72.82,58.16,2197.049,496.108,0.44138,18.84
232,20190419,2319306,1964,203081036,87.1,88.2,87.1,87.6,84.92,80.85,73.83,96.27,95.96,94.15,621.2,473.34,147.85,89.61,73.83,58.06,1586.894,732.412,0.31892,14.94
233,20190426,1771915,1388,154549990,87.9,88,85.7,87.7,86,82.41,74.8,96.12,96.01,94.77,638.29,506.33,131.95,91.46,74.8,58.14,903.329,868.586,0.43106,47.24
234,20190503,1080701,917,94224648,87.8,87.8,86.7,87.4,86.82,83.55,75.86,93.39,95.14,94.89,642.01,533.47,108.54,92.88,75.86,58.85,398.153,682.548,0.54659,80.51
235,20190510,3614238,2895,299115275,86.8,86.8,79.6,82,86.32,84.16,76.64,38.61,76.3,88.69,594.53,545.68,48.85,93.29,76.64,59.99,850.409,2763.829,1.35,100
236,20190517,1743766,1571,140552814,81.6,81.9,78.3,80.2,84.98,84.35,77.34,19.19,57.26,78.21,536.2,543.78,-7.58,93.35,77.33,61.32,618.756,1125.01,1.96343,100
237,20190524,1243538,1095,98782354,80.2,80.4,78.5,80,83.46,84.19,78.13,17.17,43.9,66.77,482.79,531.59,-48.79,92.97,78.13,63.29,587.226,656.312,2.1298,100
238,20190531,1027929,865,82143495,80,81,79,81,82.12,84.06,78.93,27.27,38.36,57.3,443.43,513.95,-70.53,92.53,78.93,65.33,685.286,342.643,1.78278,80.84
239,20190606,783438,679,62674363,81,81.1,79.5,80,80.64,83.73,79.57,17.17,31.3,48.63,399.55,491.07,-91.52,92.06,79.57,67.08,213.665,569.773,1.27973,53.06
240,20190614,1212324,1040,97698820,80,81.9,79.2,81,80.44,83.38,80.27,27.27,29.96,42.41,368.6,466.58,-97.98,91.35,80.27,69.19,743.926,468.398,0.91347,32.83
241,20190621,1279220,1125,104991486,81.1,83.9,80.5,83.5,81.1,83.04,81.05,53.61,37.84,40.89,360.1,445.28,-85.19,90.61,81.05,71.5,994.949,284.271,0.63123,17.25
242,20190628,1285708,1002,107586784,83.9,84.3,82.7,84,81.9,82.68,81.77,60,45.23,42.34,353.32,426.89,-73.57,89.87,81.76,73.66,734.69,551.018,0.69717,20.89
243,20190705,2712151,1803,229171574,85,85.1,84,84.9,82.68,82.4,82.41,77.65,56.04,46.91,351.16,411.74,-60.59,89.29,82.4,75.52,1725.914,986.237,0.54529,12.5
244,20190712,2550450,1952,200618581,78.8,79.4,78.2,78.2,82.32,81.48,82.52,0,37.36,43.73,292.02,387.8,-95.78,89.04,82.51,75.99,193.705,2356.745,1.14496,42.03
245,20190719,910745,811,70893015,78.3,78.4,77.5,77.9,81.7,81.07,82.62,5.26,26.66,38.04,239.96,358.23,-118.27,88.79,82.61,76.44,303.582,607.163,1.52175,61.63
246,20190726,787859,643,61545659,78.2,78.5,77.8,78.2,80.64,80.87,82.61,9.21,20.84,32.31,198.83,326.35,-127.52,88.8,82.61,76.42,463.446,324.413,1.59104,66
247,20190802,1012947,880,78984887,78.3,78.3,77.4,77.7,79.38,80.64,82.42,3.9,15.19,26.6,160.36,293.15,-132.79,88.95,82.42,75.88,233.757,779.19,3.40523,100
248,20190808,914313,834,69751325,77.7,77.7,74.6,76.5,77.7,80.19,82.13,18.1,16.16,23.12,118.81,258.28,-139.47,89.15,82.12,75.1,347.439,566.874,1.68936,40
249,20190816,1045059,887,82074091,78.9,79.4,78,78.2,77.7,80.01,81.87,34.29,22.2,22.81,98.47,226.32,-127.85,89.08,81.87,74.66,673.089,371.97,1.18904,22.51
250,20190823,820479,668,64344259,79,79,78.1,78.4,77.8,79.75,81.57,36.19,26.86,24.16,83.01,197.66,-114.65,88.82,81.56,74.31,435.879,384.6,1.24404,24.43
251,20190830,837608,730,65406710,78,78.9,77.6,78.3,77.82,79.23,81.14,35.24,29.65,25.99,69.15,171.96,-102.81,88.08,81.13,74.19,406.113,431.495,0.94224,13.88
252,20190906,954065,764,74883813,78.9,79.2,77.8,77.8,77.84,78.61,80.65,66.67,41.99,31.32,53.51,148.27,-94.76,87.06,80.64,74.23,124.443,829.622,1.23065,23.96
253,20190912,1057168,862,81843734,77.8,77.9,76.9,77.9,78.12,77.91,80.16,68.75,50.91,37.85,41.45,126.9,-85.45,85.79,80.16,74.52,556.404,500.764,1.40953,30.22
254,20190920,1323536,1158,101999736,77.8,77.8,76.7,77.2,77.92,77.81,79.65,54.17,52,42.57,25.94,106.71,-80.77,84.34,79.64,74.95,389.275,934.261,1.82636,44.79
255,20190927,1102896,972,85055229,77.3,77.7,76.6,76.8,77.6,77.7,79.39,45.83,49.94,45.03,10.31,87.43,-77.12,84.1,79.38,74.67,367.632,735.264,2.08653,46.46
256,20191004,811888,709,61956497,77.5,77.5,75.7,76.7,77.28,77.55,79.21,43.75,47.88,45.98,-2.86,69.37,-72.23,84.05,79.21,74.37,231.968,579.92,1.77975,34
257,20191009,442899,402,34111796,77.4,77.4,76.5,77.1,77.14,77.49,79.07,37.84,44.53,45.5,-9.95,53.51,-63.46,83.97,79.06,74.16,253.085,189.814,1.96404,41.49
258,20191018,1642052,1223,128379196,77.4,80.5,76.8,80.5,77.66,77.89,79.04,100,63.02,51.34,11.73,45.15,-33.42,83.91,79.04,74.17,1427.871,214.181,0.75384,0
259,20191025,1092514,879,86371343,80,80,78.5,78.9,78,77.96,78.99,66.67,64.24,55.64,15.82,39.29,-23.47,83.84,78.98,74.13,182.086,910.428,0.90422,11.28
260,20191101,846290,658,66247454,78.9,79.1,77.8,78.5,78.34,77.97,78.86,58.33,62.27,57.85,15.65,34.56,-18.91,83.63,78.86,74.09,346.21,500.08,0.82132,5.06
261,20191108,2859997,1929,226856670,79.1,80.1,78,79.6,78.92,78.1,78.66,81.25,68.6,61.43,24.12,32.47,-8.35,82.95,78.66,74.38,1795.812,1064.185,0.71665,0
262,20191115,4315756,2927,346426342,80.2,81.5,79.2,81.2,79.74,78.44,78.52,94.83,77.34,66.73,43.24,34.62,8.61,82.25,78.52,74.8,2979.927,1335.829,0.71842,0.13
263,20191122,5409813,4161,453369017,81.4,86.1,81.4,84.8,80.6,79.13,78.52,87.5,80.73,71.4,86.44,44.99,41.46,82.22,78.52,74.82,4275.497,1134.316,0.42931,0
264,20191129,4675488,3526,406394803,85.3,88.8,84.1,87.3,82.28,80.14,78.97,88.55,83.34,75.38,139.25,63.84,75.41,84.29,78.97,73.66,3077.536,1597.952,0.42315,0
265,20191206,2337092,1825,203415130,87.2,88.4,85.2,88,84.18,81.26,79.48,93.5,86.73,79.16,184.62,88,96.63,86.06,79.48,72.9,1353.053,984.039,0.43232,0.55
266,20191213,2318981,1833,205494562,88.1,89.8,87.7,88,85.86,82.39,79.97,86.15,86.54,81.62,218.07,114.01,104.06,87.49,79.97,72.45,1159.49,1159.49,0.49422,4.27
267,20191220,3904563,2949,350458660,88.4,91.4,87.7,91.2,87.86,83.8,80.65,98.53,90.54,84.59,267.31,144.67,122.64,89.53,80.64,71.76,3201.742,702.821,0.5055,5.34
268,20191227,1926704,1492,173687707,91.5,91.6,88.8,90.4,88.98,84.79,81.34,91.3,90.79,86.66,296.47,175.03,121.43,90.96,81.34,71.72,682.374,1244.33,0.6395,14.04
269,20200103,3083669,2198,281056674,90.4,92.4,89.6,91,89.72,86,81.98,90.28,90.62,87.98,320.71,204.17,116.55,92.35,81.98,71.61,1726.855,1356.814,0.65925,49.08
270,20200110,2669499,2121,240117253,90.3,91.1,88.5,90.9,90.3,87.24,82.61,88.64,89.96,88.64,335.26,230.39,104.87,93.53,82.6,71.68,1314.215,1355.284,0.6728,51.89
271,20200117,2999825,2310,276700110,91,93.2,90.9,93.1,91.32,88.59,83.34,99.15,93.02,90.1,360.39,256.39,104,94.99,83.34,71.7,2769.069,230.756,0.64493,55.7
272,20200120,534816,398,49673571,93.5,93.5,92.5,93,91.68,89.77,84.11,94.68,93.57,91.26,375.17,280.14,95.02,96.18,84.1,72.03,140.741,394.075,0.56075,46.6
273,20200131,2712505,2060,236239524,87,88.8,85.2,88.8,91.36,90.17,84.65,43.37,76.84,86.45,348.97,293.91,55.06,96.53,84.65,72.77,976.502,1736.003,0.71457,98.7
274,20200207,2497098,2050,217747158,84,88.8,84,86.3,90.42,90.07,85.1,24.21,59.3,77.4,304.52,296.03,8.49,96.5,85.1,73.71,1061.64,1435.458,0.76725,100
275,20200214,2257575,1903,194895312,84.6,88.4,84.2,88.4,89.92,90.11,85.69,46.32,54.97,69.92,282.98,293.42,-10.44,96.49,85.68,74.88,2114.237,143.338,0.86391,100
276,20200221,2098986,1523,184721344,87.9,88.9,86.9,88.5,89,90.16,86.28,47.37,52.44,64.09,263.68,287.47,-23.8,96.32,86.27,76.23,1345.504,753.482,0.73997,71.28
277,20200227,1698337,1454,146442914,87.7,87.8,84.8,85.4,87.48,89.58,86.69,14.74,39.87,56.02,220.82,274.14,-53.32,95.83,86.69,77.55,264.186,1434.151,0.78704,79.21
278,20200306,2298850,2013,198675408,84.8,88,84.5,86.6,87.04,89.2,86.99,27.37,35.7,49.25,194.29,258.17,-63.88,95.68,86.99,78.31,1625.049,673.801,0.56175,15.69
279,20200313,4423489,3400,346742009,86.4,86.4,70,72.8,84.34,87.38,86.69,11.91,27.77,42.09,61.22,218.78,-157.56,96.81,86.69,76.57,638.442,3785.047,1.71603,100
280,20200320,4370555,3627,290385244,71.6,72,60.5,64.8,79.62,84.77,86,13.03,22.86,35.68,-107.56,153.51,-261.08,99.53,86,72.48,1180.552,3190.003,2.44942,100
281,20200327,3474493,2671,225822493,63,67.4,61.7,64.8,74.88,81.94,85.27,15.14,20.29,30.55,-238.57,75.09,-313.67,101.46,85.26,69.07,2285.851,1188.642,1.54235,51.97
282,20200401,1293867,1139,83254788,64.2,64.9,63.1,64.9,70.78,79.13,84.45,15.49,18.69,26.6,-337.7,-7.46,-330.23,102.87,84.45,66.03,887.223,406.644,1.71679,61.21
283,20200410,5117237,4003,362394555,65.3,75.2,64.8,74,68.26,77.65,83.91,47.54,28.31,27.17,-338.92,-73.76,-265.16,102.88,83.91,64.94,4421.293,695.944,0.62465,3.38
284,20200417,4728284,3813,353818975,74,77.9,72.5,75.3,68.76,76.55,83.31,52.11,36.24,30.19,-325.65,-124.13,-201.51,102.57,83.31,64.05,2687.656,2040.628,0.4213,0
285,20200424,3865670,2729,293457390,75.6,77.5,74,76.5,71.1,75.36,82.73,58.18,43.55,34.64,-301.96,-159.7,-142.26,102.09,82.73,63.38,2295.242,1570.428,0.45802,1.81
286,20200430,2213960,1721,172282929,77.7,79.2,76.7,78.4,73.82,74.35,82.25,65.09,50.73,40,-264.81,-180.72,-84.09,101.54,82.25,62.97,1489.391,724.569,0.46188,2
287,20200508,3670755,2497,291922323,77.2,82.7,76.5,81.3,77.1,73.94,81.76,80.31,60.59,46.86,-209.54,-186.49,-23.06,100.61,81.76,62.91,2859.325,811.43,0.55157,6.42
288,20200515,4437088,3108,367074982,81.6,84.3,80.3,81,78.5,73.38,81.29,86.13,69.1,54.27,-166.25,-182.44,16.18,99.71,81.29,62.87,1959.234,2477.854,0.64909,11.23
289,20200522,1941386,1337,157832638,81,82.6,79.7,81.1,79.66,74.21,80.79,85.84,74.68,61.07,-129.64,-171.88,42.24,98.67,80.79,62.92,987.723,953.663,0.68089,12.8
290,20200529,1974882,1364,160722457,82.3,82.7,80.3,81,80.56,75.83,80.3,84.43,77.93,66.69,-100.28,-157.56,57.28,97.57,80.3,63.03,462.206,1512.676,0.91818,24.5
291,20200605,2039945,1494,168300186,81.3,83.4,81.3,83,81.48,77.65,79.79,93.33,83.06,72.15,-60.18,-138.08,77.9,96.1,79.79,63.49,1748.524,291.421,1.01511,29.28
292,20200612,2355645,1704,192885417,83.3,83.3,78.8,80.6,81.34,79.22,79.17,68.64,78.25,74.18,-47.22,-119.91,72.69,94.33,79.17,64.02,642.449,1713.196,1.16404,57.33
293,20200619,1925659,1485,155485329,80.7,82,79.5,80.1,81.16,79.83,78.74,59.22,71.91,73.42,-40.52,-104.03,63.51,93.25,78.74,64.23,813.056,1112.603,1.26285,64.96
294,20200624,803670,666,65316782,81,81.8,80.7,81.3,81.2,80.43,78.49,61.54,68.45,71.76,-25.23,-88.27,63.04,92.64,78.49,64.34,574.05,229.62,0.88586,55.2
295,20200703,2305414,1745,188134873,80.7,83.6,80.1,83.4,81.68,81.12,78.24,88.46,75.12,72.88,3.78,-69.86,73.65,91.84,78.24,64.64,1929.02,376.394,0.86693,52.95
296,20200710,3493608,2440,291700870,84.5,85.1,82.2,82.7,81.62,81.55,77.95,61.9,70.71,72.16,20.89,-51.71,72.6,90.9,77.95,65,753.523,2740.085,1.0956,79.22
297,20200717,4837492,2768,390428225,83,83.7,76.9,76.9,80.88,81.11,77.53,0,47.14,63.82,-12.21,-43.81,31.6,90.02,77.52,65.03,434.134,4403.358,2.09971,100
298,20200724,2432119,1855,190982048,76.8,80.4,76,79.3,80.72,80.94,77.16,36.26,43.51,57.05,-18.87,-38.82,19.96,88.98,77.16,65.34,1710.084,722.035,1.70754,74.67
299,20200731,1801910,1333,141181690,79.6,79.6,76.7,79.3,80.32,80.76,77.48,36.26,41.09,51.73,-23.86,-35.83,11.97,89.16,77.48,65.81,900.955,900.955,2.30775,100
300,20200807,4937150,3584,409763994,79.6,85.8,79.2,85.4,80.72,81.2,78.52,95.92,59.37,54.28,21.16,-24.43,45.59,89.12,78.51,67.91,4424.199,512.951,0.87548,11.96
301,20200814,2865955,2168,241738058,85.9,86.3,82.8,83.6,80.9,81.26,79.46,73.79,64.18,57.58,41.83,-11.18,53.01,88.2,79.45,70.71,661.374,2204.581,0.56395,0
302,20200821,3090640,2437,257223568,84,85,81.2,82.2,81.96,81.42,80.32,60.19,62.85,59.34,46.38,0.33,46.05,86.03,80.32,74.61,996.981,2093.659,0.81795,14.57
303,20200828,1529486,1065,126276835,82.2,83.2,81.8,82.1,82.52,81.62,80.72,59.22,61.64,60.11,48.62,9.99,38.63,85.69,80.72,75.76,736.419,793.067,0.82186,14.79
304,20200904,3434058,2575,288231263,82.5,85.8,81.8,83.3,83.32,81.82,81.12,70.87,64.72,61.65,59.39,19.87,39.52,85.53,81.12,76.72,1988.139,1445.919,1.49153,53.19
305,20200911,5804224,4475,497989313,83.7,88,82.8,85.7,83.38,82.05,81.58,80.83,70.09,64.46,86.3,33.15,53.14,85.89,81.58,77.28,3693.597,2110.627,0.86894,17.49
306,20200918,8495797,6137,757522217,86.8,91.9,86.8,88.2,84.3,82.6,82.08,76.73,72.3,67.07,126.34,51.79,74.55,87,82.07,77.15,5320.6,3175.197,0.64102,4.42
307,20200925,3544355,2539,299945348,88.2,88.2,81.8,82,84.26,83.11,82.11,34.87,59.82,64.65,106.81,62.8,44.02,87.02,82.11,77.2,107.405,3436.95,0.9153,20.15
308,20200930,733459,518,61518955,82.6,85,82.6,83.8,84.6,83.56,82.25,36.22,51.95,60.42,104.66,71.17,33.49,87.19,82.25,77.31,523.899,209.56,0.92606,20.77
309,20201008,1519879,1122,129024858,83.5,86.2,83.3,85.3,85,84.16,82.46,38.32,47.41,56.08,113.74,79.68,34.06,87.54,82.46,77.38,1131.073,388.806,1.01801,26.04
310,20201016,2188508,1801,185579809,85.8,85.8,83.7,84.4,84.74,84.06,82.63,29.91,41.58,51.25,112.38,86.22,26.16,87.73,82.63,77.53,464.229,1724.279,2.58671,100
311,20201023,2901932,2086,248962772,85.3,87.4,84.7,86,84.3,84.3,82.78,41.58,41.58,48.03,122.8,93.54,29.26,88.09,82.78,77.47,1865.528,1036.404,0.84298,13.79
312,20201030,1723292,1489,147275941,86,86.8,83.9,85.7,85.04,84.65,83.03,38.61,40.59,45.55,127.17,100.26,26.9,88.39,83.03,77.68,814.647,908.645,0.94917,19.04
313,20201106,3299849,2287,285829408,86,88.6,84.5,87.7,85.82,85.21,83.42,58.42,46.53,45.88,145.1,109.23,35.87,88.96,83.41,77.87,2135.196,1164.653,0.9156,14.11
314,20201113,2672396,1945,234880620,88.7,89,86.8,87.4,86.24,85.62,83.72,55.45,49.5,47.09,155.1,118.4,36.69,89.43,83.72,78.01,586.624,2085.772,0.96177,16.49
315,20201120,1989053,1682,172817930,87.5,88.2,86.2,86.8,86.72,85.73,83.89,69.44,56.15,50.11,156.38,126,30.38,89.75,83.89,78.03,760.52,1228.533,1.25381,31.49
316,20201127,1533119,1280,133108961,86.8,87.8,86,86.9,86.9,85.6,84.1,67.19,59.83,53.35,156.4,132.08,24.32,90.08,84.1,78.12,788.461,744.658,1.2231,29.92
317,20201204,2032740,1715,175264113,87.4,87.4,85.6,85.8,86.92,85.98,84.55,43.86,54.51,53.74,145.85,134.83,11.02,89.56,84.54,79.53,162.619,1870.121,2.57985,99.65
318,20201211,2587239,2155,222852583,86.3,87.4,84.6,85.4,86.46,86.14,84.85,32.08,47.03,51.5,132.74,134.42,-1.67,89.26,84.85,80.44,945.337,1641.902,2.06449,70.05
319,20201218,2118938,1675,180135673,85.4,85.9,84.4,84.7,85.92,86.08,85.12,15.69,36.58,46.53,115.37,130.61,-15.23,88.72,85.12,81.52,737.022,1381.916,2.14115,74.45
320,20201225,2099808,1571,177027610,84.7,85.7,83.5,85.3,85.62,86.17,85.11,32.73,35.3,42.79,105.23,125.53,-20.3,88.72,85.11,81.51,1215.678,884.13,1.88785,59.92
321,20201231,1365480,1152,118005395,85.6,87.2,85.4,86.8,85.6,86.25,85.28,60,43.53,43.04,108.06,122.04,-13.98,88.88,85.27,81.67,1062.04,303.44,1.06346,12.64
322,20210108,2073519,1720,179710205,86.8,87.5,86,86.6,85.76,86.34,85.5,56.36,47.81,44.63,107.44,119.12,-11.67,88.85,85.49,82.14,962.705,1110.814,0.92529,4.74
323,20210115,2609481,2136,225843751,87,87.6,85.6,86.3,85.94,86.2,85.71,59.57,51.73,47,103.35,115.96,-12.62,88.69,85.7,82.72,916.845,1692.636,0.96001,2.67
324,20210122,3521946,2937,296348551,86,86.9,82.5,83.2,85.64,85.78,85.7,13.21,38.89,44.3,74.23,107.62,-33.39,88.7,85.7,82.7,894.462,2627.484,1.49486,34.81
325,20210129,2363874,2043,194196900,83.7,83.7,80.9,81,84.78,85.2,85.47,1.49,26.42,38.34,33.02,92.7,-59.68,89.1,85.46,81.83,69.526,2294.348,2.71679,100
326,20210205,3386258,2705,271294582,81,81.6,79.1,80.8,83.58,84.59,85.09,20,24.28,33.65,-1.24,73.91,-75.15,89.03,85.09,81.16,1622.582,1763.676,2.39142,81.84
327,20210219,2143733,1572,176390863,82.2,84.3,80.9,84.1,83.08,84.42,85.2,58.82,35.79,34.36,-1.74,58.78,-60.52,88.91,85.2,81.49,1633.32,510.413,1.70524,43.54
328,20210226,2466117,2083,206873712,84.9,85,82.9,83.5,82.52,84.23,85.18,51.76,41.11,36.61,-6.9,45.64,-52.54,88.92,85.18,81.45,479.523,1986.594,1.72276,44.51
329,20210305,1020788,999,85128877,84,84,82.5,83.8,82.64,84.14,85.11,55.29,45.84,39.69,-8.47,34.82,-43.29,88.89,85.11,81.33,551.777,469.011,1.10321,9.93
330,20210312,2964407,2481,251353063,84.1,85.5,83.8,85.4,83.52,84.15,85.16,74.12,55.27,44.88,3.16,28.49,-25.33,88.93,85.16,81.39,2470.339,494.068,0.67383,0
331,20210319,6322103,5121,549539670,85.7,88.5,85.5,85.9,84.54,84.06,85.16,72.34,60.96,50.24,16.22,26.03,-9.81,88.92,85.15,81.39,3420.154,2901.949,0.84539,8.4
332,20210326,2412095,2108,206868569,85.9,86.3,85.3,85.8,84.88,83.98,85.16,71.28,64.4,54.96,25.47,25.92,-0.45,88.92,85.16,81.4,1142.571,1269.524,0.67695,0.15
333,20210401,4255109,3322,373428043,86.1,89.5,85.8,89.2,86.02,84.27,85.23,97.12,75.31,61.74,59.56,32.65,26.91,89.25,85.23,81.22,3700.095,555.014,0.4864,0
334,20210409,24905439,12862,2461027096,89.5,102.5,89.5,98.4,88.94,85.79,85.78,82.48,77.7,67.06,158.97,57.91,101.06,92.76,85.78,78.81,19036.916,5868.523,0.3881,0
335,20210416,8037994,6405,755589800,98.4,98.7,89.4,92.9,90.44,86.98,86.09,55.56,70.32,68.15,191.17,84.56,106.61,93.72,86.09,78.46,2331.632,5706.362,0.51121,5.29
336,20210423,4171993,3597,380100172,93.1,93.5,88.7,90.3,91.32,87.93,86.26,39,59.88,65.39,193.48,106.35,87.13,94.1,86.26,78.42,1191.998,2979.995,0.57538,8.04
337,20210429,2653382,2083,239824188,90.8,91.3,89.8,89.8,92.12,88.5,86.46,36.5,52.09,60.96,189.1,122.9,66.2,94.45,86.46,78.47,530.676,2122.706,0.72225,16.68
338,20210507,5183466,4089,451080309,89.8,90.5,85.3,86.1,91.5,88.76,86.49,12.3,38.83,53.58,153.99,129.12,24.88,94.47,86.49,78.52,1160.477,4022.989,2.84423,100
339,20210514,4861599,3893,397944783,85.5,85.5,77.2,80.8,87.98,88.46,86.3,14.23,30.63,45.93,82.46,119.78,-37.33,94.62,86.3,77.98,1400.141,3461.458,2.93866,100
340,20210521,2154140,1834,171753922,76.1,82.3,76.1,80.6,85.52,87.98,86.06,17.05,26.1,39.32,23.87,100.6,-76.73,94.75,86.06,77.38,1067.097,1087.043,2.57171,85.61
341,20210528,1734016,1374,143464375,78.3,84.1,78.3,83.6,84.18,87.75,85.9,28.41,26.87,35.17,1.63,80.81,-79.18,94.64,85.9,77.17,1633.201,100.815,1.64844,49.41
342,20210604,1425951,1093,119366481,84,84.5,82.3,84,83.02,87.57,85.77,29.92,27.89,32.74,-12.62,62.12,-74.74,94.55,85.77,77,772.39,653.561,1.08825,27.45
343,20210611,1008326,925,84296008,84.4,84.5,83.1,83.6,82.52,87.01,85.64,33.19,29.66,31.71,-26.83,44.33,-71.16,94.46,85.64,76.82,252.081,756.245,0.6974,12.13
344,20210618,1098619,1023,92810302,84,85,83.8,84.8,83.32,85.65,85.72,50,36.44,33.29,-28.09,29.85,-57.94,94.48,85.72,76.96,878.895,219.724,0.48927,3.97
345,20210625,2384928,1901,196667727,84.6,84.6,81.5,82.4,83.68,84.6,85.79,41.45,38.11,34.9,-47.9,14.3,-62.2,94.41,85.79,77.17,511.056,1873.872,1.45103,41.67
346,20210702,1612760,1287,134486468,82.5,83.9,82.4,83.3,83.62,83.9,85.91,50,42.07,37.29,-55.69,0.3,-55.99,94.32,85.91,77.51,1121.92,490.84,1.20866,29.37
347,20210709,1484668,1191,123354349,83.6,83.7,82.5,82.5,83.32,83.17,85.83,68.09,50.74,41.77,-67.55,-13.27,-54.28,94.33,85.83,77.34,92.792,1391.876,1.52661,42.35
348,20210716,1499327,1161,124524487,83.2,84.1,82.5,83.9,83.38,82.95,85.85,87.64,63.04,48.86,-64.9,-23.6,-41.3,94.33,85.85,77.38,1077.641,421.686,1.49043,40.87
349,20210723,1250850,1079,104576380,84.1,84.3,83,83.7,83.16,83.24,85.85,80.6,68.89,55.54,-63.68,-31.61,-32.07,94.33,85.85,77.37,469.069,781.781,1.11761,25.65
350,20210730,1605830,1320,132521470,83.7,83.7,81.6,82.1,83.1,83.39,85.68,17.14,51.64,54.24,-74.76,-40.24,-34.52,94.32,85.68,77.05,308.813,1297.017,1.99781,61.59
351,20210806,5236435,3928,417221366,82.1,84.7,76.5,78.8,82.2,82.91,85.33,27.06,43.45,50.64,-108.91,-53.98,-54.94,94.47,85.33,76.19,1958.667,3277.768,1.51494,49.25
352,20210813,4224296,3397,322840589,78,78,75.1,76.5,81,82.16,84.87,14.14,33.68,44.99,-152.78,-73.74,-79.04,94.78,84.86,74.95,1159.611,3064.685,2.16142,100
353,20210820,5092604,3805,354497242,76.4,76.4,63.5,63.9,77,80.19,83.6,1.89,23.08,37.69,-285.92,-116.17,-169.75,96.87,83.6,70.33,152.018,4940.586,3.51486,100
354,20210827,3858669,3053,260135911,63.5,71.2,63,70.3,74.32,78.74,82.19,33.64,26.6,33.99,-335.92,-160.12,-175.8,94.83,82.19,69.56,3318.455,540.214,1.79446,43.14
355,20210903,1578654,1333,110961834,71.3,71.9,69.3,70,71.9,77.5,81.05,32.26,28.49,32.16,-373.66,-202.83,-170.83,93.75,81.05,68.35,418.827,1159.827,1.92226,47.36
356,20210910,1968289,1847,133574752,70.2,70.2,66.4,68.4,69.82,76.01,79.95,24.88,27.29,30.54,-411.73,-244.61,-167.12,93.05,79.95,66.86,656.096,1312.193,1.74964,26.36
357,20210917,1601099,1379,112005443,69.1,71.6,68.5,70.2,68.56,74.78,78.97,33.18,29.25,30.11,-422.51,-280.19,-142.32,91.91,78.97,66.04,1048.996,552.103,0.65492,0
358,20210924,871826,783,61067408,70.2,71.9,69.3,70,69.78,73.39,78.17,32.26,30.25,30.16,-427.73,-309.7,-118.03,91.23,78.17,65.11,418.476,453.35,1.36779,24.93
359,20211001,1251202,1135,86590622,70.5,70.7,68,68.4,69.4,71.86,77.55,24.88,28.46,29.59,-439.71,-335.7,-104.01,91.21,77.55,63.89,197.558,1053.644,1.45244,27.89
360,20211008,1078359,1098,74240962,69,70.2,67.8,69.9,69.38,70.64,77.02,46,34.31,31.16,-432.13,-354.99,-77.14,90.99,77.01,63.04,718.906,359.453,1.01452,12.57
361,20211015,738108,1272,51253944,70,70.3,68.5,69.9,69.68,69.75,76.33,51.49,40.04,34.12,-421.26,-368.24,-53.02,90.29,76.33,62.37,369.054,369.054,1.31192,22.97
362,20211022,1275177,1059,89598143,70.1,71.9,69.2,70.6,69.76,69.16,75.66,85.39,55.16,41.13,-402.35,-375.06,-27.29,89.37,75.66,61.95,725.101,550.076,1.15995,17.66
363,20211029,778524,655,54827204,70.6,71.2,70,70.6,69.88,69.83,75.01,76.36,62.23,48.16,-382.96,-376.64,-6.32,88.38,75.01,61.64,389.262,389.262,0.75731,3.58
364,20211105,1979988,2650,145025551,70.9,75.5,70.6,74.2,71.04,70.22,74.48,85.71,70.06,55.46,-334.68,-368.25,33.57,87.08,74.48,61.88,1514.108,465.88,0.59191,0
365,20211112,2091349,2144,147790769,74.2,74.2,69.5,69.9,71.04,70.21,73.86,27.27,55.8,55.57,-327.35,-360.07,32.72,86.05,73.85,61.66,164.027,1927.322,1.19339,45.21
366,20211119,1813926,2074,124142960,69.9,69.9,67.5,68.9,70.84,70.26,73.14,17.5,43.03,51.39,-325.85,-353.23,27.38,84.7,73.13,61.57,668.289,1145.637,1.43587,63.44
367,20211126,1301387,1346,88892889,68.9,69.4,67.5,67.6,70.24,70,72.39,1.25,29.1,43.96,-331.33,-348.85,17.52,83.35,72.39,61.43,312.333,989.054,1.70301,95.97
368,20211203,2550196,1665,173162474,67.6,69.2,65.9,68.4,69.8,69.84,71.62,26.04,28.08,38.67,-325.47,-344.17,18.7,81.33,71.61,61.9,1450.974,1099.222,1.98844,100
369,20211210,918517,887,63206757,68.4,69.7,68.1,69.7,68.9,69.97,70.92,39.58,31.91,36.42,-306.79,-336.69,29.9,78.91,70.91,62.92,773.488,145.029,1.05424,33.11
370,20211217,997068,1006,68885214,69.9,70,68.5,69.3,68.78,69.91,70.28,35.42,33.08,35.31,-291.86,-327.73,35.87,76.43,70.27,64.12,345.139,651.929,1.00115,29.3
371,20211224,898115,1437,62652606,69.7,70.3,69.1,69.8,68.96,69.9,69.83,40.62,35.59,35.4,-272.84,-316.75,43.91,74.57,69.82,65.08,532.216,365.899,0.72928,9.84
372,20211230,965083,1040,67148783,70.2,70.3,68.8,70.2,69.48,69.86,69.51,44.79,38.66,36.49,-251.64,-303.73,52.09,73.15,69.51,65.87,539.311,425.772,0.72535,9.56
373,20220107,987546,1100,68720846,70.4,70.5,68.5,68.7,69.54,69.67,69.75,33.73,37.02,36.67,-244.13,-291.81,47.68,72.37,69.75,67.13,118.506,869.04,1.50644,65.49
374,20220114,840242,956,57999032,69.4,69.6,68.7,69.4,69.48,69.19,69.71,76.09,50.04,41.13,-229.88,-279.42,49.54,72.31,69.7,67.1,537.755,302.487,1.13625,38.98
375,20220121,907339,1292,62880988,69.4,69.8,68.9,68.9,69.4,69.09,69.65,65.22,55.1,45.79,-220.09,-267.56,47.47,72.28,69.65,67.02,279.181,628.158,1.50904,65.67
376,20220126,692183,1497,47218935,68.9,68.9,68,68.5,69.14,69.05,69.66,56.52,55.57,49.05,-213.09,-256.66,43.57,72.27,69.66,67.04,247.208,444.975,1.89799,92.84
377,20220211,1265864,1488,88276078,68.6,70.4,68.4,70,69.1,69.29,69.65,80,63.71,53.94,-193.22,-243.97,50.75,72.26,69.64,67.03,984.561,281.303,0.80877,6.6
378,20220218,784454,1039,54358190,70.1,70.1,69,69.3,69.22,69.38,69.61,52,59.81,55.9,-181.03,-231.39,50.35,72.22,69.61,67,156.891,627.563,1.18836,36.66
379,20220225,1190310,1526,82146636,69.5,70.3,68,68.1,68.96,69.22,69.59,4,41.21,51,-178.99,-220.91,41.91,72.24,69.59,66.95,315.082,875.228,1.30834,46.16
380,20220304,514138,679,35469385,68.7,69.5,68.3,69.3,69.04,69.22,69.56,52,44.81,48.94,-165.78,-209.88,44.1,72.21,69.56,66.92,385.603,128.535,1.03827,26.69
381,20220311,993520,1196,67846172,69.3,69.3,67.5,68.5,69.04,69.09,69.49,33.33,40.98,46.29,-159.93,-199.89,39.97,72.17,69.49,66.82,354.829,638.691,1.87233,97.81
382,20220318,2044063,1999,143800489,68.5,72.1,68,72.1,69.46,69.28,69.57,100,60.65,51.08,-124.8,-184.87,60.08,72.44,69.57,66.7,1821.882,222.181,0.64803,0
383,20220325,1137926,1686,82067357,72.5,72.8,71.6,72,70,69.61,69.64,84.91,68.74,56.97,-96.65,-167.23,70.58,72.67,69.64,66.61,346.325,791.601,0.61232,0
384,20220401,849676,1174,61054795,72,72.7,71,72,70.78,69.87,69.53,84.91,74.13,62.69,-73.5,-148.48,74.99,72,69.53,67.06,424.838,424.838,0.70468,7.18
385,20220408,601216,1010,42791888,72,72,70.6,71,71.12,70.08,69.58,66.04,71.43,65.6,-62.49,-131.28,68.79,72.13,69.58,67.04,133.604,467.612,0.69911,6.75
386,20220415,791670,878,55981687,71.1,71.6,70.2,70.7,71.56,70.3,69.67,60.38,67.75,66.32,-55.56,-116.14,60.58,72.25,69.67,67.1,316.668,475.002,1.76764,89.86
387,20220422,653179,670,46343375,71.1,71.4,70.4,71,71.34,70.4,69.84,66.04,67.18,66.61,-47.09,-102.33,55.24,72.29,69.84,67.4,365.78,287.399,1.3336,56.1
388,20220429,690087,688,48091488,71,71,68.8,70.3,71,70.5,69.94,52.83,62.4,65.21,-45.51,-90.97,45.45,72.3,69.94,67.58,279.765,410.322,1.49691,70.2
389,20220506,638270,593,44753401,70.3,71.1,68.7,70.1,70.62,70.7,69.96,49.06,57.95,62.79,-45.35,-81.84,36.49,72.32,69.96,67.6,305.26,333.01,1.18798,45.69
390,20220513,1008903,1248,69136407,70,70,67.7,68,70.02,70.57,69.89,5.88,40.59,55.39,-61.46,-77.77,16.31,72.39,69.89,67.4,112.1,896.803,1.81346,95.33
391,20220520,854097,819,57736434,68.6,68.6,66.2,67.8,69.44,70.5,69.79,24.24,35.14,48.64,-74.97,-77.21,2.24,72.46,69.79,67.13,297.077,557.02,2.20997,100
392,20220527,673138,704,45212033,68,68,66.7,67.4,68.72,70.03,69.66,18.46,29.58,42.29,-87.9,-79.34,-8.55,72.5,69.65,66.81,214.18,458.958,2.41843,100
393,20220602,673369,702,45257686,67.9,67.9,66.8,67.6,68.18,69.59,69.6,24.14,27.77,37.45,-95.43,-82.56,-12.86,72.56,69.6,66.64,359.13,314.239,2.26672,91.6
394,20220610,597389,665,40502165,67.5,68.5,67.2,68,67.76,69.19,69.53,33.33,29.62,34.84,-97.05,-85.46,-11.59,72.57,69.53,66.49,380.157,217.232,1.23742,34.61
395,20220617,658817,709,45013113,67.5,69.8,67.2,68,67.76,68.89,69.48,34.62,31.29,33.66,-97.21,-87.81,-9.4,72.59,69.48,66.38,392.756,266.061,0.93334,13.62
396,20220624,661242,676,44773918,68.6,68.6,67,68,67.8,68.62,69.46,36.73,33.1,33.47,-96.23,-89.49,-6.74,72.6,69.46,66.32,330.621,330.621,0.7713,4.2
397,20220701,714731,707,47977748,68.4,68.4,66,66.3,67.58,68.15,69.27,5.88,24.03,30.32,-107.93,-93.18,-14.75,72.69,69.27,65.86,69.168,645.563,1.24454,28.73
398,20220708,1581550,1403,100935999,66.5,66.5,59.9,60.1,66.08,67.13,68.81,1.98,16.68,25.77,-165.32,-107.61,-57.71,74.07,68.81,63.56,45.187,1536.363,3.31682,100
399,20220715,608581,682,36080155,61,61,58.1,60,64.48,66.12,68.41,16.24,16.53,22.69,-209.2,-127.93,-81.27,74.93,68.41,61.89,202.86,405.721,4.50464,100
400,20220722,410949,519,25278827,60.8,62.9,60.1,62.3,63.34,65.55,68.06,35.9,22.99,22.79,-222.85,-146.91,-75.94,75.08,68.06,61.04,301.922,109.027,4.35554,96.01
401,20220729,332068,497,20588668,62.1,62.7,61.5,62,62.14,64.97,67.73,33.33,26.44,24.01,-233.39,-164.21,-69.19,75.23,67.73,60.24,146.11,185.958,3.21381,65.42
402,20220805,686612,778,42978054,62.4,64,61,64,61.68,64.63,67.33,50.43,34.44,27.49,-223.04,-175.97,-47.07,74.71,67.33,59.95,486.35,200.262,0.79224,0.56
403,20220812,1202430,1637,79558235,64.2,68,63.7,67.5,63.16,64.62,67.1,80.34,49.74,34.91,-184.47,-177.67,-6.8,74.17,67.1,60.04,983.806,218.624,0.37216,0
404,20220819,1111548,1066,76106278,67.8,69.4,67.6,68.7,64.9,64.69,66.94,93.81,64.43,44.75,-142.57,-170.65,28.08,73.69,66.94,60.19,778.084,333.464,0.39188,0.48
405,20220826,526178,948,35772017,68.7,68.9,67.4,67.8,66,64.67,66.78,85.84,71.57,53.69,-115.31,-159.58,44.28,73.28,66.78,60.28,150.337,375.841,0.47036,2.38
406,20220902,451438,955,30439016,67.5,68.1,66.8,68,67.2,64.67,66.65,87.61,76.92,61.43,-91.03,-145.87,54.84,72.92,66.64,60.37,300.959,150.479,0.48726,2.79
407,20220908,369668,408,24645895,68,68,65.7,66.8,67.76,64.72,66.44,76.99,76.94,66.6,-80.55,-132.81,52.26,72.39,66.43,60.48,119.598,250.07,0.82274,10.9
408,20220916,462701,501,30867455,67.3,67.3,66.2,66.5,67.56,65.36,66.24,68.82,74.23,69.14,-73.81,-121.01,47.2,71.93,66.24,60.56,73.058,389.643,1.81075,34.81
409,20220923,459961,626,30438184,67.5,67.5,65.4,65.9,67,65.95,66.03,58.33,68.93,69.07,-72.48,-111.3,38.83,71.44,66.03,60.63,63.883,396.078,2.12785,42.49
410,20220930,538089,669,34329518,65.9,65.9,62.1,63.3,66.1,66.05,65.8,27.38,55.08,64.41,-91.35,-107.31,15.97,71.25,65.8,60.35,129.141,408.948,3.74595,81.64
411,20221007,387871,408,24478018,63.3,64.7,62,62.7,65.04,66.12,65.55,9.46,39.87,56.23,-109.88,-107.82,-2.05,71.07,65.54,60.02,169.694,218.177,3.24214,72.05
412,20221014,715091,825,42823950,62.3,62.3,58.4,59.8,63.64,65.7,65.16,12.73,30.82,47.76,-146.27,-115.51,-30.76,71.16,65.16,59.17,175.636,539.455,2.90266,75
413,20221021,1804398,1052,104140427,59.8,61,57,58.5,62.04,64.8,64.71,12.61,24.75,40.09,-183.5,-129.11,-54.39,71.25,64.71,58.17,727.145,1077.253,1.86735,44.32
414,20221028,396082,430,23488646,58.8,60.2,58.3,59.1,60.68,63.84,64.27,18.92,22.81,34.33,-205.78,-144.44,-61.34,71.06,64.26,57.47,229.311,166.771,1.53762,34.54
415,20221104,503406,483,29847954,59.3,60.3,58.3,59.4,59.9,63,63.83,21.82,22.48,30.38,-218.5,-159.26,-59.25,70.71,63.83,56.96,270.12,233.286,1.43827,31.2
416,20221111,727581,893,43346386,60.2,60.9,58.5,58.8,59.12,62.08,63.37,17.14,20.7,27.15,-230.76,-173.56,-57.21,70.31,63.37,56.44,173.234,554.347,1.45138,29.95
417,20221118,876703,899,51424113,59.3,59.3,58.3,58.7,58.9,61.27,62.99,16.19,19.2,24.5,-238.54,-186.55,-51.99,70.08,62.99,55.91,184.569,692.134,1.92076,43.99
418,20221125,454451,589,26764270,59.1,59.3,58.5,59.2,59.04,60.54,62.95,24.72,21.04,23.35,-237.92,-196.83,-41.1,70.12,62.95,55.78,287.022,167.429,1.80032,33.44
419,20221202,759198,807,44570804,59.2,59.5,58.2,59.4,59.1,59.89,62.92,31.17,24.42,23.71,-233.14,-204.09,-29.05,70.14,62.92,55.7,411.232,347.966,1.66835,9.97
420,20221209,710727,821,42277513,59.6,60.4,58.6,58.9,59,59.45,62.75,35.85,28.23,25.22,-230.72,-209.41,-21.3,70.18,62.75,55.32,252.193,458.534,1.46788,1.28
421,20221216,574960,626,33621349,58.9,59.1,58.1,58.2,58.88,59,62.56,30,28.82,26.42,-231.77,-213.89,-17.89,70.24,62.56,54.88,132.683,442.277,1.30751,0
422,20221223,359192,441,20953426,58.7,58.9,58,58.6,58.86,58.88,62.29,20.69,26.11,26.32,-226.77,-216.46,-10.31,70.13,62.29,54.45,209.529,149.663,1.3906,4.29
423,20221230,323841,389,19039450,58.8,59.1,58.3,59,58.82,58.93,61.86,34.48,28.9,27.18,-217.08,-216.59,-0.49,69.45,61.86,54.28,202.401,121.44,1.47076,10.23
424,20230106,308067,432,18187525,59,59.5,58.6,58.9,58.72,58.91,61.38,31.03,29.61,27.99,-207.81,-214.83,7.02,68.37,61.37,54.38,144.973,163.094,1.27101,0
425,20230113,379410,485,22430468,59.1,59.4,58.7,59.3,58.8,58.9,60.95,54.17,37.8,31.26,-194.98,-210.86,15.88,67.34,60.95,54.56,243.906,135.504,0.71141,0
426,20230117,136803,206,8078163,59.5,59.5,58.8,59.2,59,58.94,60.51,50,41.87,34.8,-183.51,-205.39,21.88,66.05,60.51,54.97,42.093,94.71,0.81271,8.38
427,20230203,797490,966,48053745,59.7,61.3,59.2,60.9,59.46,59.16,60.22,87.88,57.21,42.27,-158.87,-196.09,37.22,64.96,60.21,55.47,592.421,205.069,0.5847,0
428,20230210,684854,916,42075213,61,62.3,60.6,61,59.86,59.34,59.94,69.77,61.4,48.65,-136.96,-184.26,47.3,63.74,59.94,56.14,352.211,332.643,0.62401,2.94
429,20230217,548509,834,33327862,61.1,61.2,60.3,60.8,60.24,59.48,59.69,65.12,62.64,53.31,-119.83,-171.37,51.55,62.37,59.68,57,205.691,342.818,0.81787,19.18
430,20230224,700374,963,42846985,61.2,61.7,60.5,61.5,60.68,59.74,59.59,81.4,68.89,58.5,-99.45,-156.99,57.54,61.88,59.59,57.31,448.239,252.135,0.70855,11.43
431,20230303,313007,614,19269716,61.6,62,61.2,62,61.24,60.12,59.56,92.5,76.76,64.59,-78.37,-141.27,62.9,61.67,59.56,57.45,216.697,96.31,0.83732,28.51
432,20230310,682228,998,42513962,62.4,62.8,61.8,62,61.46,60.46,59.67,80.95,78.16,69.11,-60.96,-125.2,64.25,62.03,59.67,57.31,341.114,341.114,0.85198,30.17
433,20230317,1045687,1406,62570930,61.8,61.8,58.6,59.4,61.14,60.5,59.71,19.05,58.46,65.56,-67.36,-113.64,46.27,62.02,59.71,57.41,199.178,846.509,1.2745,77.85
434,20230324,468358,819,28138340,59.3,60.7,59.1,60.3,61.04,60.64,59.77,40.48,52.47,61.2,-64.43,-103.79,39.36,62.07,59.77,57.48,346.178,122.18,1.27461,77.86
435,20230331,493098,817,29532090,60.4,60.4,59.4,59.8,60.7,60.69,59.79,28.57,44.5,55.63,-65.39,-96.11,30.72,62.09,59.79,57.5,131.493,361.605,1.64191,100
436,20230407,165291,375,9863555,59.8,60.1,59.1,60.1,60.32,60.78,59.86,35.71,41.57,50.94,-63,-89.49,26.49,62.11,59.86,57.61,97.23,68.061,1.80648,100
437,20230414,638376,1419,38692211,60.3,61.7,60.1,60.7,60.06,60.76,59.96,50,44.38,48.75,-55.63,-82.72,27.09,62.17,59.96,57.75,383.026,255.35,0.84265,21.11
438,20230421,706839,945,42320320,60.7,60.7,59.3,59.4,60.06,60.6,59.97,19.05,35.94,44.48,-59.59,-78.09,18.5,62.17,59.97,57.77,47.123,659.716,2.04096,100
439,20230428,467125,777,27735757,59.4,59.8,59,59.7,59.94,60.49,59.98,26.19,32.69,40.55,-59.62,-74.4,14.78,62.17,59.98,57.8,287.462,179.663,1.42701,56.67
440,20230505,357047,529,21273749,59.7,60.2,59.1,59.7,59.92,60.31,60.02,26.19,30.52,37.21,-58.96,-71.31,12.35,62.16,60.02,57.89,178.524,178.524,1.42083,53.46
441,20230512,656118,844,38821602,60.1,60.1,58.5,58.9,59.68,60,60.06,12.12,24.39,32.94,-64.16,-69.88,5.72,62.09,60.06,58.03,109.353,546.765,2.51368,100
442,20230519,571806,676,33907027,59.2,60.2,58.5,59.5,59.44,59.75,60.1,31.25,26.68,30.85,-62.71,-68.45,5.74,62.04,60.1,58.17,336.356,235.45,1.25086,24.67
443,20230526,468314,675,27785486,59.5,59.8,58.3,59.5,59.46,59.76,60.13,35.29,29.55,30.42,-60.86,-66.93,6.07,62.02,60.13,58.24,234.157,234.157,1.39202,32.88
444,20230602,579756,711,34469354,59.8,59.8,59.2,59.6,59.44,59.69,60.16,38.24,32.45,31.1,-57.92,-65.13,7.21,61.99,60.16,58.34,306.93,272.826,1.30645,27.76
445,20230609,570592,701,34046836,59.7,59.9,59.4,59.9,59.48,59.7,60.2,47.06,37.32,33.17,-52.57,-62.62,10.05,61.98,60.19,58.41,380.395,190.197,0.74145,0
446,20230616,757531,806,45272890,59.9,59.9,59.5,59.7,59.64,59.66,60.22,58.33,44.32,36.89,-49.37,-59.97,10.6,61.97,60.22,58.47,252.51,505.021,1.02403,15.94
447,20230621,326662,411,19477406,59.7,60,59.4,60,59.74,59.59,60.18,89.47,59.37,44.38,-43.9,-56.75,12.85,61.89,60.17,58.46,217.775,108.887,0.93031,10.66
448,20230630,565344,638,33909940,60,60.2,59.7,60.2,59.88,59.67,60.14,100,72.91,53.89,-37.53,-52.91,15.38,61.81,60.13,58.46,353.34,212.004,0.84393,5.78
449,20230707,711350,821,42658017,60.3,60.3,59.6,60.1,59.98,59.71,60.1,90,78.61,62.13,-32.9,-48.91,16,61.75,60.1,58.45,273.596,437.754,1.1517,23.15
450,20230714,681492,728,40690263,60,60,59.5,59.7,59.94,59.71,60.01,70,75.74,66.67,-32.09,-45.54,13.45,61.54,60.01,58.48,170.373,511.119,1.2509,28.75
451,20230721,1285078,1401,74990693,59.8,59.9,57.1,57.8,59.56,59.6,59.8,21.87,57.78,63.71,-46.25,-45.69,-0.57,61.33,59.8,58.27,277.855,1007.223,2.01653,71.95
452,20230728,976585,1135,55933262,58.1,58.1,57,58,59.16,59.45,59.6,30.3,48.62,58.68,-55.22,-47.59,-7.63,60.96,59.6,58.24,525.853,450.732,1.92905,67.01
453,20230804,651729,963,37301737,58.2,58.2,56.7,57.2,58.56,59.22,59.49,13.89,37.04,51.47,-68,-51.68,-16.33,61.21,59.49,57.77,148.12,503.609,2.20342,100
454,20230811,1861069,1802,109824987,57.2,59.8,57,59.4,58.42,59.2,59.45,75,49.69,50.88,-59.69,-53.28,-6.41,61.12,59.44,57.77,1532.645,328.424,0.92172,12.33
455,20230818,737397,1277,43571234,59.8,59.8,58.4,58.8,58.24,59.09,59.4,58.33,52.57,51.44,-57.28,-54.08,-3.21,61.09,59.39,57.7,134.072,603.325,0.80578,4.4
456,20230825,852140,688,50053688,59,59.2,58.3,59,58.48,59.02,59.34,63.89,56.34,53.07,-53.15,-53.89,0.74,61.01,59.34,57.67,468.677,383.463,0.7965,3.77
457,20230901,1271133,1202,76001287,59.5,60.7,58.7,60.7,59.02,59.09,59.34,100,70.89,59.01,-35.75,-50.26,14.52,61.01,59.34,57.67,962.98,308.153,0.52394,0
458,20230908,1724118,2399,107310460,61.1,62.8,61,62.5,60.08,59.32,59.5,95.08,78.95,65.66,-7.34,-41.68,34.34,61.66,59.49,57.33,1458.869,265.249,0.51583,0
459,20230915,3186881,3910,206821916,64,66.6,63.6,65,61.2,59.81,59.76,83.84,80.58,70.63,34.94,-26.36,61.29,62.99,59.76,56.53,2206.302,980.579,0.38013,0
460,20230922,1018128,1432,65641405,65.1,65.7,63.4,64.2,62.28,60.26,59.98,75.76,78.97,73.41,61.28,-8.83,70.11,63.75,59.98,56.22,375.1,643.028,0.43912,3.24
461,20230928,511803,825,32642853,64.6,64.7,63.1,63.9,63.26,60.87,60.23,72.73,76.89,74.57,78.83,8.7,70.13,64.33,60.23,56.14,158.835,352.968,0.53388,8.43
462,20231006,757222,1011,48263546,64.5,64.6,63,64,63.92,61.47,60.46,72.92,75.57,74.9,92.48,25.46,67.02,64.85,60.46,56.07,387.416,369.806,0.75021,20.3
463,20231013,374393,467,23979822,64.5,64.5,63.6,63.9,64.2,62.14,60.68,67.47,72.87,74.22,101.32,40.63,60.69,65.29,60.68,56.07,66.069,308.324,1.69545,72.14
464,20231020,1543302,1936,99604840,63.9,65.6,63.3,64.5,64.1,62.65,60.93,74.7,73.48,73.97,111.88,54.88,57,65.8,60.92,56.05,887.399,655.903,1.12488,40.85
465,20231027,2476109,3480,165175382,64.9,68,64.6,67,64.66,63.47,61.28,89.25,78.74,75.56,138.82,71.67,67.15,66.79,61.28,55.77,1844.944,631.165,0.61686,18
466,20231103,1790046,2011,121090621,67.5,68.4,66.6,68.1,65.5,64.38,61.7,95.95,84.48,78.53,167.12,90.76,76.36,67.9,61.7,55.5,1176.316,613.73,0.55579,13.35
467,20231110,18070723,14191,1339706471,72.3,76.3,71.1,72.8,67.26,65.59,62.34,73.68,80.88,79.31,224.88,117.58,107.3,70.15,62.34,54.53,12047.149,6023.574,0.49664,8.86
468,20231117,19701095,15088,1506258530,74.1,79.5,72.4,77.5,69.98,67.09,63.2,87.88,83.21,80.61,305.07,155.08,149.99,73.35,63.2,53.06,13676.793,6024.302,0.46243,6.26
469,20231124,25228492,17947,2009266273,77.7,82.4,77.5,78.9,72.86,68.48,64.14,81.96,82.79,81.34,375.58,199.18,176.4,76.26,64.14,52.03,14621.058,10607.434,0.56041,13.71
470,20231201,81978811,43397,7391066833,79,97.4,78.4,92.1,77.88,71.27,65.77,84.59,83.39,82.02,531.85,265.71,266.13,82.75,65.76,48.78,62631.812,19346.999,0.40788,2.11
471,20231208,57933818,42996,5396308915,94,98.5,87.7,91.7,82.6,74.05,67.46,80.68,82.49,82.18,645.03,341.58,303.45,87.43,67.46,47.49,23228.182,34705.636,0.61918,16.41
472,20231215,20235779,16640,1788616373,90.5,92.2,84.9,85,85.04,76.15,68.81,61.65,75.54,79.97,672.9,407.84,265.06,89.67,68.81,47.95,3536.35,16699.429,0.78217,29.07
473,20231222,12386028,11251,1014220806,84.7,85.7,78.6,78.6,85.26,77.62,69.88,41.3,64.13,74.69,636.02,453.48,182.54,90.45,69.88,49.31,1474.527,10911.501,0.89868,38.12
474,20231229,19405553,17186,1562161502,79.3,83.7,78,79.9,85.46,79.16,70.91,41.69,56.65,68.68,610.24,484.83,125.41,91.32,70.9,50.49,10799.612,8605.941,1.81672,100
475,20240105,4525632,4118,356807512,79.4,79.8,78.1,79,82.84,80.36,71.91,28.83,47.38,61.58,575.91,503.05,72.87,91.83,71.91,52,1680.949,2844.683,2.23318,100
476,20240112,7320413,7049,557745765,79,79.4,74.1,74.1,79.32,80.96,72.67,6.51,33.76,52.31,503.37,503.11,0.26,91.69,72.67,53.65,513.713,6806.7,2.01598,88.1
477,20240119,5353239,4844,396726032,74.2,76,72.6,74.2,77.16,81.1,73.34,6.18,24.57,43.06,441.59,490.81,-49.22,91.56,73.34,55.13,2715.411,2637.828,1.33008,50.52
478,20240126,5832293,4832,438552294,74.3,76.6,74,75.1,76.46,80.86,73.97,9.65,19.6,35.24,395.34,471.71,-76.38,91.51,73.97,56.44,3499.376,2332.917,1.73877,72.91
479,20240202,12052947,9649,932790603,75.6,79.1,75.1,76.6,75.8,80.63,74.55,15.44,18.21,29.56,366.56,450.68,-84.12,91.62,74.55,57.49,7231.768,4821.179,1.18899,42.79
480,20240205,4822414,3751,374899224,76.9,79.4,74.8,78.9,75.78,79.31,75.29,32.14,22.85,27.32,358.18,432.18,-74,91.77,75.29,58.81,3150.644,1671.77,0.6907,15.49
481,20240216,6502621,5009,516608012,79.7,80.8,78,79.7,76.9,78.11,76.08,54.2,33.3,29.31,353.92,416.53,-62.61,91.79,76.08,60.37,3657.724,2844.897,0.6654,14.11
482,20240223,7423608,6617,590261053,79.9,81.1,78.3,79,77.86,77.51,76.83,57.66,41.42,33.35,340.96,401.41,-60.45,91.57,76.83,62.09,2878.542,4545.066,0.82057,12.48
483,20240301,3446250,4333,270976156,79.1,79.7,77.6,78.8,78.6,77.53,77.58,72.94,51.93,39.54,325.33,386.2,-60.87,91.08,77.57,64.07,1550.813,1895.437,0.97503,19.75
484,20240308,30605795,27077,2548695650,79.6,87.7,79.1,80.2,79.32,77.56,78.36,50.33,51.4,43.49,320.54,373.07,-52.53,90.49,78.36,66.23,16534.165,14071.63,0.94865,18.07
485,20240315,75575753,57983,6853730209,81.2,95.5,81.2,88.6,81.26,78.52,79.44,69.87,57.56,48.18,380.15,374.48,5.66,91.17,79.44,67.71,52085.992,23489.761,0.60236,0
486,20240322,22269887,18549,1987998969,90,93,86.1,88.5,83.02,79.96,80.46,67.44,60.85,52.4,421.71,383.93,37.79,91.6,80.46,69.32,8777.912,13491.975,0.67067,4.19
487,20240329,22038845,18635,1982219194,88.4,92.9,86,91.5,85.52,81.69,81.4,80.68,67.46,57.42,473.41,401.82,71.58,92.94,81.39,69.85,14284.437,7754.408,0.64143,2.76
488,20240403,16933591,13982,1520047909,93.8,94.4,86.6,89.4,87.64,83.12,81.99,70.53,68.48,61.11,491.76,419.81,71.95,93.89,81.99,70.09,4264.756,12668.835,0.72287,10.6
489,20240412,12199039,11473,1102435726,89.7,92.5,88.4,91.4,89.88,84.6,82.62,77.09,71.35,64.52,516.49,439.15,77.34,95.1,82.61,70.13,7893.496,4305.543,1.08518,42.49
490,20240419,14004325,17778,1247598978,90.7,91.5,85.6,88.4,89.84,85.55,82.43,60.34,67.68,65.57,506.05,452.53,53.52,94.45,82.43,70.41,4942.703,9061.622,1.07663,80.85
491,20240426,7594941,7540,676926447,89.1,90.9,86.4,90,90.14,86.58,82.35,69.27,68.21,66.45,504.87,463,41.87,94.12,82.34,70.57,4487.92,3107.021,1.34991,100
492,20240503,14893477,16300,1390196229,91.2,96.1,90.6,93.7,90.58,88.05,82.78,85.88,74.1,69,527.7,475.94,51.76,95.52,82.78,70.04,10287.247,4606.23,0.76347,21.55
493,20240510,105311650,45269,11098837322,97.8,113.5,96.8,100.5,92.8,90.22,83.88,59.75,69.32,69.11,593.82,499.51,94.31,98.6,83.87,69.15,62944.894,42366.756,0.71546,15.13
494,20240517,18065254,15791,1744683169,100,101,93.7,94.7,93.46,91.67,84.62,32.62,57.09,65.1,592.59,518.13,74.46,99.94,84.61,69.29,3686.787,14378.467,0.79181,25.34
495,20240524,14231735,12576,1352950905,95,97.6,93.1,93.6,94.5,92.17,85.34,28.67,47.62,59.27,576.1,529.72,46.38,100.92,85.34,69.77,5584.605,8647.13,0.84843,32.92
496,20240531,44071449,32714,4591557886,94.3,110.5,93.7,109.5,98.4,94.27,87.12,85.66,60.3,59.61,683.45,560.47,122.98,105.04,87.11,69.19,40379.6,3691.849,0.61356,1.5
497,20240607,44706447,38480,5108105786,111,120,108.5,111,101.86,96.22,88.96,73.84,64.81,61.34,771.73,602.72,169.01,108.67,88.95,69.24,23721.788,20984.659,0.65013,4.97
498,20240614,19253122,15631,2217349520,115.5,118,111,117,105.16,98.98,91.05,91.28,73.63,65.44,879.97,658.17,221.8,113.19,91.05,68.91,13024.171,6228.951,0.47821,0
499,20240621,20261212,16749,2375516412,117,123,112.5,113.5,108.92,101.19,92.9,74.04,73.77,68.22,926.84,711.93,214.91,116.03,92.9,69.76,8104.485,12156.727,0.50525,3.1
500,20240628,8872787,8378,974476718,114,115,106.5,108,111.8,103.15,94.35,53.7,67.08,67.84,909.11,751.37,157.75,117.45,94.35,71.25,1928.867,6943.92,0.99006,58.72
501,20240705,8308294,7409,929960125,109,117,107,114,112.7,105.55,96.06,69.9,68.02,67.9,932.72,787.64,145.09,119.64,96.06,72.49,5711.952,2596.342,0.97068,56.5
502,20240712,8741413,9622,935991072,114.5,115.5,103,105,111.5,106.68,97.36,39.8,58.61,64.8,868.8,803.87,64.93,119.88,97.36,74.85,1639.015,7102.398,1.65663,100
